trip_duration_days,miles_traveled,total_receipts_amount,expected_output,predicted,error,expected_cents,predicted_cents
3,93.0,1.42,364.51,364.5444811190847,0.03448111908471674,51.0,54.44811190847395
1,55.0,3.6,126.06,126.02435303000283,0.03564696999717398,6.0,2.435303000282147
1,47.0,17.97,128.91,128.99939930323634,0.08939930323634826,91.0,99.93993032363505
3,88.0,5.78,380.37,380.2661795805355,0.10382041946451182,37.0,26.617958053546317
1,76.0,13.74,158.35,158.36090586446252,0.01090586446252928,35.0,36.09058644625293
1,140.0,22.71,199.68,199.51824217866752,0.16175782133248617,68.0,51.824217866753315
3,121.0,21.17,464.07,463.9479469715489,0.12205302845109145,7.0,94.79469715488813
3,117.0,21.99,359.1,359.22274337439944,0.12274337439941974,10.0,22.274337439943338
2,202.0,21.24,356.17,356.14959806524433,0.020401934755682305,17.0,14.959806524435407
2,21.0,20.04,204.58,204.59095421594648,0.010954215946469503,58.0,59.09542159464763
3,177.0,18.73,430.86,430.8311909856396,0.028809014360433594,86.0,83.11909856395505
1,141.0,10.15,195.14,195.1636861602352,0.02368616023520076,14.0,16.36861602351928
1,58.0,5.86,117.24,117.35199154849516,0.11199154849516901,24.0,35.19915484951707
1,133.0,8.34,179.06,179.1140645218546,0.05406452185459898,6.0,11.406452185459784
2,89.0,13.85,234.2,234.2166177139682,0.016617713968201997,20.0,21.66177139681895
2,147.0,17.43,325.56,325.66128477559,0.10128477558998839,56.0,66.1284775589993
5,130.0,306.9,574.1,573.9933313740079,0.10666862599214255,10.0,99.33313740079029
5,173.0,1337.9,1443.96,1444.06263913451,0.10263913450990003,96.0,6.26391345099546
5,592.0,433.75,869.0,869.0960654524994,0.09606545249937426,0.0,9.606545249931514
5,679.0,476.08,1030.41,1030.3338176372747,0.07618236272537615,41.00000000001455,33.38176372747694
5,708.0,1129.52,1654.62,1654.4216584943856,0.19834150561428032,62.0,42.16584943854832
5,261.0,464.94,621.12,621.2538215344531,0.13382153445309086,12.0,25.382153445309086
5,794.0,511.0,1139.94,1139.8257861904221,0.11421380957790461,94.0,82.57861904220772
5,521.0,1448.55,1624.01,1623.9865354186372,0.023464581362759418,1.0,98.65354186372133
5,595.0,863.93,1231.67,1231.801686794633,0.1316867946329694,67.0,80.16867946329876
5,811.0,952.39,1608.6,1608.535069649725,0.06493035027483529,60.0,53.50696497250465
5,730.0,485.73,991.49,991.6218891538754,0.13188915387536326,49.0,62.188915387538145
5,262.0,1173.79,1485.59,1485.4219672581405,0.1680327418594061,59.0,42.196725814050296
5,446.0,219.98,788.62,788.556309146089,0.06369085391099816,62.0,55.63091460890428
5,751.0,407.43,1063.46,1063.236729890536,0.2232701094640106,46.0,23.672989053608035
5,324.0,128.94,686.54,686.6677516452937,0.12775164529375616,54.0,66.77516452937562
5,414.0,967.0,1368.94,1368.9045322191114,0.03546778088866631,94.0,90.45322191112791
5,367.0,290.78,742.25,742.3552697645971,0.10526976459709658,25.0,35.52697645970329
5,764.0,848.75,1468.46,1468.4702083736925,0.010208373692421446,46.0,47.020837369258516
5,249.0,873.75,1185.24,1185.1869104723814,0.053089527618567445,24.0,18.691047238142346
8,862.0,1817.85,1719.37,1719.5823786269596,0.21237862695966214,37.0,58.23786269596894
11,927.0,1994.33,1779.12,1779.279454985781,0.15945498578116712,12.0,27.94549857810489
9,602.0,186.69,1085.4,1085.2669085374669,0.1330914625332298,40.00000000001455,26.69085374668066
8,610.0,208.29,841.27,841.3177854519276,0.047785451927666145,27.0,31.778545192762977
12,333.0,1103.21,1618.13,1618.1676002216504,0.03760022165033661,13.0,16.76002216505003
8,435.0,1129.65,1525.26,1524.981276159385,0.27872384061492994,26.0,98.1276159385161
9,218.0,1203.45,1561.63,1561.4051094956392,0.2248905043609284,63.0,40.51094956390443
12,781.0,1159.18,1752.72,1752.8419989777758,0.12199897777577462,72.0,84.19989777758019
11,916.0,1036.91,2098.07,2097.827052551421,0.24294744857934347,7.000000000029104,82.70525514209294
10,358.0,2066.62,1624.11,1623.8946501736325,0.21534982636740096,11.0,89.46501736325445
12,566.0,2013.7,1752.03,1752.1643660890966,0.13436608909660208,3.0,16.43660890965839
9,954.0,1483.39,2024.2,2023.9749721637982,0.22502783620188893,20.0,97.49721637982293
9,534.0,1929.94,1624.87,1624.8934716787012,0.023471678701298515,87.0,89.34716787011712
12,765.0,1343.97,1953.03,1952.8125887677174,0.21741123228252945,3.0,81.25887677175342
8,630.0,967.69,1388.05,1388.0906323571414,0.04063235714147595,5.0,9.063235714129405
10,909.0,696.0,1505.19,1505.2319204848463,0.041920484846286854,19.0,23.192048484634142
10,223.0,745.89,1037.45,1037.5013350846666,0.05133508466656167,45.0,50.13350846666435
8,467.0,1178.71,1483.33,1483.4860439562085,0.15604395620857758,33.0,48.604395620845025
9,708.0,461.07,1110.6,1110.7529151930962,0.1529151930963053,59.99999999998545,75.29151930962689
9,885.0,1764.97,1694.37,1694.5589339471549,0.1889339471549647,37.0,55.89339471547282
6,855.0,591.35,1339.72,1339.6510360440232,0.06896395597686933,72.0,65.10360440230579
2,993.0,54.24,715.19,715.1296704515753,0.060329548424761015,19.0,12.967045157536631
3,981.0,341.45,813.95,813.7771333734897,0.17286662651031293,95.0,77.7133373489778
5,770.0,873.33,1502.49,1502.3963709368884,0.09362906311162078,49.0,39.63709368882701
6,697.0,651.64,1237.71,1237.7363160593102,0.026316059310147466,71.0,73.6316059310193
3,795.0,450.85,743.94,744.0936562865624,0.15365628656229546,94.0,9.36562865623273
3,606.0,1184.23,1364.54,1364.6912271923284,0.1512271923284061,54.0,69.12271923283697
3,842.0,865.37,1251.14,1251.0822164226965,0.0577835773035531,14.000000000014552,8.221642269651056
7,748.0,241.73,971.31,971.5359977022817,0.22599770228180205,31.0,53.59977022817475
7,624.0,148.16,905.79,905.7794175919809,0.01058240801910415,79.0,77.94175919808913
2,713.0,740.33,1048.28,1048.248700475679,0.03129952432095706,28.0,24.870047567907022
3,874.0,1191.4,1515.99,1516.0811941836919,0.0911941836918686,99.0,8.119418369198684
6,761.0,530.19,1120.1,1120.117690274197,0.01769027419709346,9.999999999985448,11.769027419693884
1,815.0,97.89,539.36,539.4278765235922,0.0678765235921901,36.0,42.787652359220374
7,817.0,1127.87,1809.91,1809.942791666972,0.032791666971888844,91.0,94.27916669720435
1,606.0,923.0,1050.05,1050.0286711250299,0.021328874970095058,5.0,2.8671125029795803
1,909.0,741.82,866.07,866.0821772582578,0.012177258257793255,7.0,8.217725825787056
3,624.0,1160.92,1459.34,1459.1938890342867,0.1461109657132056,34.0,19.38890342868399
4,650.0,619.49,676.38,676.5322016560131,0.15220165601306235,38.0,53.22016560130578
6,204.0,818.99,628.4,628.560450470488,0.16045047048805827,40.0,56.04504704880674
1,263.0,396.49,198.42,198.56915493101633,0.1491549310163407,42.0,56.915493101631
1,451.0,555.49,162.18,162.301764972861,0.1217649728610013,18.0,30.17649728610013
10,424.0,474.99,831.96,832.0608037733518,0.10080377335179946,96.0,6.080377335179946
2,565.0,389.49,415.96,416.08445957927245,0.12445957927246809,96.0,8.445957927244308
9,397.0,348.49,913.29,913.3754954182594,0.08549541825948381,29.0,37.54954182593792
1,532.0,413.99,355.57,355.55337446222654,0.016625537773450105,57.0,55.33744622265658
2,384.0,495.49,290.36,290.44353011914353,0.08353011914351782,36.0,44.35301191435428
5,754.0,489.99,765.13,765.269640789368,0.1396407893680589,13.0,26.964078936798614
1,344.46,813.85,707.88,707.8676193073378,0.012380692662190995,88.0,86.76193073377362
3,906.3,540.03,848.42,848.393238601892,0.02676139810796485,42.0,39.32386018919351
3,1007.56,187.52,764.64,764.8562395013118,0.2162395013118612,64.0,85.6239501311793
1,359.62,221.15,255.57,255.6476036534201,0.07760365342011255,57.0,64.76036534201194
1,362.79,749.19,636.51,636.5479759529125,0.03797595291246125,51.0,54.79759529124567
1,288.72,159.26,303.94,303.90881862823375,0.031181371766251686,94.0,90.88186282337483
2,782.17,830.72,1165.44,1165.3872752038365,0.05272479616360215,44.0,38.72752038364706
2,623.18,347.54,625.15,625.0687056049035,0.08129439509650638,15.0,6.87056049034436
3,1061.15,388.5,693.36,693.4574778907948,0.09747789079483482,36.0,45.74778907948348
1,252.75,285.5,331.74,331.63722525577936,0.10277474422065325,74.0,63.72252557793399
3,1020.39,250.62,779.08,778.9756967506459,0.10430324935418867,8.0,97.5696750645875
1,257.97,816.81,738.01,737.9294641048567,0.08053589514327086,1.0,92.94641048567428
3,1025.03,592.55,992.4,992.3330180421569,0.06698195784304062,40.0,33.301804215690936
2,794.32,402.31,671.06,670.9320101554251,0.1279898445748131,6.0,93.20101554250869
2,851.68,473.96,650.68,650.8211332208546,0.14113322085461277,67.99999999999272,82.11332208545355
3,859.12,611.07,960.47,960.5045528618649,0.03455286186488138,47.0,50.45528618649405
3,1317.07,476.87,787.42,787.4021783559737,0.0178216440262986,42.0,40.217835597359226
1,388.1,827.37,741.46,741.4090525369476,0.050947463052466446,46.0,40.90525369475654
5,198.21,594.83,807.48,807.395530552402,0.0844694475980532,48.0,39.55305524019059
6,72.85,457.75,666.59,666.5121582793863,0.07784172061371919,59.0,51.2158279386349
8,297.64,481.09,835.08,835.0677266105055,0.0122733894945668,8.0,6.772661050548777
7,237.33,1262.27,1452.17,1452.423305198912,0.25330519891190306,17.0,42.33051989119849
5,195.73,1228.49,511.23,511.53512833250426,0.3051283325042391,23.0,53.51283325042459
8,276.28,1179.9,1522.6,1522.6293227416757,0.02932274167574178,60.0,62.93227416757145
8,302.24,1046.04,1353.77,1353.956834297048,0.18683429704810806,77.0,95.68342970480444
8,266.87,252.08,880.41,880.3375411913294,0.0724588086706035,41.0,33.75411913293647
9,310.69,239.64,828.16,828.2380407479963,0.07804074799628324,16.0,23.804074799627415
6,222.08,709.07,1031.34,1031.204267529763,0.13573247023691692,33.99999999998545,20.42675297630194
8,264.94,720.67,1019.85,1019.7924424604712,0.05755753952882969,85.0,79.24424604712112
8,161.15,1230.37,1499.24,1499.1510270975264,0.08897290247364253,24.0,15.102709752623923
9,259.96,554.74,835.54,835.7496564343294,0.2096564343294176,54.0,74.96564343293721
9,97.85,518.56,850.57,850.4830566475836,0.08694335241648332,57.0,48.305664758358034
9,194.34,1054.93,1374.9,1374.921292959032,0.021292959031825376,90.0,92.12929590319982
9,332.35,374.61,830.45,830.576790340598,0.12679034059794958,45.0,57.6790340597945
5,126.44,696.14,845.35,845.2841613791836,0.06583862081640746,35.0,28.416137918364257
5,66.13,848.03,1050.25,1050.2115876331407,0.03841236685934746,25.0,21.158763314058888
6,135.34,1144.13,1478.11,1477.9491373778926,0.1608626221072882,11.0,94.91373778926209
6,233.7,346.98,648.57,648.6354681038506,0.06546810385054869,57.000000000007276,63.54681038505805
9,849.0,1007.41,1785.47,1785.4063763788567,0.0636236211432788,47.0,40.637637885665754
6,806.0,1760.64,1718.76,1718.933956415674,0.17395641567395614,76.0,93.39564156738925
8,891.0,1194.36,2016.46,2016.447865929904,0.012134070095953575,46.0,44.78659299042192
9,1182.0,1342.24,2164.15,2164.221450833988,0.0714508339879103,15.0,22.14508339879103
7,1010.0,1514.03,2063.98,2063.786076994009,0.19392300599110968,98.0,78.60769940089085
8,892.0,1768.53,1902.37,1902.2029518798106,0.1670481201892926,37.0,20.29518798107165
6,825.0,1692.73,1817.77,1817.6068827065449,0.16311729345511594,77.0,60.68827065450023
8,1118.0,1758.52,1852.47,1852.5724872367787,0.10248723677864291,47.0,57.24872367785429
8,1064.0,1756.52,1857.04,1857.0267467292003,0.013253270799623351,4.0,2.6746729200240225
6,811.0,1252.04,1771.8,1771.572639738864,0.22736026113602748,80.0,57.26397388637997
7,889.0,1417.96,1826.08,1826.1913739277772,0.11137392777732202,8.0,19.13739277771674
9,1012.0,1429.04,1880.76,1880.944113808009,0.1841138080089877,76.0,94.41138080088422
6,909.0,1332.18,1720.21,1720.4782208401537,0.26822084015361725,21.0,47.82208401535172
9,1096.0,1690.22,1894.85,1894.8286222749666,0.021377725033289607,85.0,82.86222749666194
9,913.0,1021.29,1964.86,1964.9185605947625,0.058560594762639084,86.0,91.85605947626755
6,1006.0,1219.71,1803.97,1804.0911487424407,0.12114874244070961,97.0,9.114874244085513
6,907.0,1650.17,1737.86,1738.044476964022,0.18447696402199654,86.0,4.447696402203292
9,816.0,1171.81,1780.58,1780.6630958780681,0.08309587806820673,58.0,66.30958780681249
7,1006.0,1181.33,2279.82,2279.637413101701,0.18258689829917785,82.0000000000291,63.74131017009495
6,835.0,1404.28,1765.79,1765.8314198470298,0.041419847029828816,79.0,83.14198470299016
12,528.0,2476.41,1662.88,1662.9423927480386,0.06239274803851913,88.0,94.2392748038692
4,69.0,2321.49,322.0,322.2191774134769,0.21917741347692754,0.0,21.917741347693664
11,1179.0,31.36,1550.55,1550.4354316908486,0.11456830915130922,55.0,43.54316908487817
13,756.0,954.4,1793.07,1793.041597821939,0.028402178061014638,7.0,4.15978219389217
1,123.0,2076.65,1171.68,1171.638536293487,0.041463706513013676,68.0,63.853629348712275
3,1162.0,2152.66,1434.71,1434.7368617823506,0.026861782350579233,71.0,73.6861782350752
1,822.0,2170.53,1374.91,1375.0691605352956,0.1591605352955412,91.0,6.916053529566852
11,558.0,1549.86,1823.47,1823.1568627405002,0.3131372594998538,47.0,15.686274050007341
2,753.0,1111.16,1353.87,1353.7581953404829,0.1118046595170199,87.0,75.81953404829255
10,224.0,407.51,794.7,794.8543366236247,0.1543366236246584,70.0,85.43366236246948
6,383.0,462.79,800.3,800.4256563380047,0.12565633800477372,30.0,42.56563380047737
8,1005.0,1391.37,1987.39,1987.2116101596757,0.1783898403243711,39.0,21.16101596757653
10,1145.0,311.43,1366.61,1366.4695923446634,0.140407655336503,61.0,46.959234466339694
5,1004.0,2367.63,1743.85,1743.755733049445,0.09426695055481105,85.0,75.57330494449707
5,873.0,1402.35,1676.79,1677.0014690770613,0.21146907706133788,79.0,0.14690770613378845
2,165.0,1813.32,1273.45,1273.4294715256156,0.020528474384491346,45.0,42.947152561551775
5,1076.0,190.33,879.65,879.6916068060025,0.041606806002505436,65.0,69.16068060025282
12,986.0,2390.92,1760.0,1759.9490473343703,0.05095266562966572,0.0,94.90473343702615
7,948.0,657.17,1578.97,1578.8720806316803,0.09791936831970816,97.0,87.20806316804374
3,429.0,2400.13,1411.95,1412.0146901876194,0.0646901876193624,95.0,1.4690187619416974
4,362.0,646.43,788.53,788.588009626897,0.05800962689704647,53.0,58.80096268969646
2,622.0,1871.56,1494.23,1494.2647603447108,0.034760344710775826,23.0,26.47603447106667
1,140.0,255.99,150.34,150.41310411094307,0.07310411094306346,34.0,41.31041109430589
8,123.0,612.55,851.24,851.2892068381842,0.04920683818420457,24.0,28.920683818418183
4,87.0,2463.92,1413.52,1413.3530944509748,0.16690554902515942,52.0,35.309445097489515
10,164.0,1144.9,1516.43,1516.4814446373778,0.05144463737769911,43.0,48.14446373778628
1,989.0,2196.84,1439.17,1439.198267565505,0.02826756550484788,17.0,19.826756550493883
4,470.0,1968.63,1501.1,1501.3026640748958,0.20266407489589255,10.0,30.266407489572885
1,37.0,1397.17,1092.94,1092.9672573652335,0.027257365233481323,94.0,96.72573652335268
8,488.0,439.7,1030.13,1029.9745823473352,0.15541765266493712,13.000000000014552,97.45823473352357
12,757.0,897.4,1780.07,1780.0567058414224,0.013294158577537019,7.0,5.670584142237203
14,958.0,1727.76,2065.16,2065.041254558581,0.11874544141892329,16.0,4.125455858098576
2,456.0,2390.7,1342.39,1342.4227962503587,0.032796250358615,39.0,42.2796250358806
5,733.0,41.18,771.83,771.8134382189594,0.016561781040650203,83.0,81.34382189593452
5,291.0,1279.7,1477.12,1477.2257596749141,0.10575967491422489,12.0,22.57596749140066
8,817.0,1455.73,1847.26,1847.270993494198,0.010993494197919063,26.0,27.099349419790087
6,1043.0,1404.35,1807.42,1807.2991880275706,0.12081197242946473,42.0,29.91880275704898
2,958.0,1855.58,1549.54,1549.4273829266428,0.11261707335711435,54.0,42.738292664289474
9,524.0,474.75,935.4,935.5529238292853,0.15292382928532788,40.0,55.29238292852824
6,45.0,81.59,522.58,522.5124275539433,0.06757244605671531,58.000000000007276,51.24275539433438
8,342.0,2259.06,1502.02,1502.183523110205,0.16352311020500565,2.0,18.352311020484194
12,379.0,1897.29,1682.98,1683.0328247134346,0.05282471343457473,98.0,3.2824713434674777
6,333.0,1254.68,1585.02,1584.8766446581942,0.1433553418057727,2.0,87.66446581942728
2,634.0,1739.81,1490.51,1490.6633229829256,0.15332298292560154,51.0,66.3322982925456
5,285.0,974.73,1282.84,1282.7072288565219,0.13277114347806673,83.99999999998545,70.72288565218332
12,33.0,1249.13,1707.38,1707.1881387481271,0.19186125187297876,38.0,18.8138748127094
9,118.0,1285.82,1539.77,1539.9583872571193,0.18838725711930238,77.0,95.8387257119175
1,420.0,2273.6,1220.35,1220.314556889393,0.03544311060682048,34.99999999998545,31.455688939313404
11,312.0,2072.39,1586.22,1586.3321869481856,0.11218694818558106,22.0,33.21869481855538
10,753.0,2054.02,1779.08,1779.025178105502,0.0548218944979908,8.0,2.5178105501981918
5,125.0,96.38,570.99,570.9401047058759,0.049895294124098655,99.0,94.01047058759286
6,597.0,888.84,1395.65,1395.5362949712646,0.11370502873546684,65.0,53.629497126472415
12,1065.0,203.2,1408.25,1408.1244737399145,0.1255262600855076,25.0,12.447373991453787
1,214.0,540.03,402.81,402.84927604370415,0.03927604370414883,81.0,84.92760437041579
11,886.0,922.66,1852.24,1852.1531461252464,0.08685387475361495,24.0,15.314612524642143
10,621.0,978.73,1656.28,1656.1714283526917,0.10857164730828117,28.0,17.14283526915824
4,1000.0,2355.34,1699.56,1699.6735998782203,0.1135998782203842,56.0,67.35998782204115
13,534.0,1765.96,1881.36,1881.4776342976052,0.11763429760526378,36.0,47.76342976052547
6,475.0,1800.71,1671.23,1671.1946777934622,0.03532220653778495,23.0,19.467779346217867
11,623.0,2265.21,1739.18,1739.1090019243418,0.07099807565828087,18.0,10.900192434171913
1,620.0,973.91,1112.02,1112.039743763898,0.019743763898077304,2.0,3.9743763898004545
13,1004.0,1757.75,1960.67,1960.7319369077059,0.061936907705785416,67.0,73.19369077059673
8,962.0,1929.63,1897.19,1896.991946301679,0.1980536983210186,19.0,99.19463016791269
14,516.0,1464.67,1842.1,1842.166818274357,0.0668182743570469,10.0,16.68182743570651
11,685.0,2272.75,1873.94,1873.872074454533,0.06792554546700558,94.0,87.20744545329944
3,307.0,266.21,540.97,540.9822549973516,0.012254997351533348,97.0,98.22549973515561
3,375.0,1346.21,1339.93,1339.723148403202,0.2068515967980602,93.0,72.31484032020671
4,1124.0,2177.18,1567.43,1567.5697599553423,0.1397599553422424,43.0,56.975995534216054
3,779.0,2110.9,1520.73,1520.7439315081067,0.013931508106679757,73.0,74.39315081067616
8,1173.0,671.25,1419.34,1419.4762192896192,0.13621928961924823,34.0,47.62192896191846
14,47.0,1667.14,1745.18,1745.204386585936,0.024386585935872063,18.0,20.43865859360085
3,981.0,2008.83,1539.47,1539.3292591188242,0.14074088117581596,47.0,32.92591188242659
5,516.0,1450.67,1547.5,1547.768573682661,0.26857368266109916,50.0,76.85736826612265
6,471.0,332.51,872.19,872.2916548823378,0.10165488233769793,19.0,29.16548823377525
2,941.0,1565.77,1432.79,1433.0043799091468,0.21437990914682814,79.0,0.43799091468099505
10,377.0,301.96,837.36,837.491153837972,0.131153837971965,36.0,49.11538379719423
7,273.0,285.83,793.58,793.568542389763,0.011457610237016524,58.0,56.85423897630244
11,772.0,932.31,1575.52,1575.614111288317,0.09411128831698079,52.0,61.411128831707174
11,36.0,1541.47,1593.24,1593.417059506883,0.17705950688309713,24.0,41.7059506883088
12,211.0,1048.29,1579.73,1579.6327909233744,0.0972090766256315,73.0,63.2790923374414
7,987.0,2164.1,1839.67,1839.5361446635818,0.13385533641826441,67.0,53.614466358179925
9,662.0,2275.59,1599.27,1599.447243903997,0.1772439039971232,27.0,44.724390399700496
12,96.0,1164.37,1553.21,1553.2815393708001,0.07153937080011019,21.0,28.153937080001924
5,569.0,1856.7,1623.81,1623.9003752688652,0.09037526886527303,81.0,90.03752688653185
12,128.0,477.17,874.99,875.0332181956917,0.043218195691679284,99.0,3.3218195691733854
4,886.0,2401.28,1698.0,1697.8988509655794,0.10114903442058676,0.0,89.88509655793314
13,19.0,807.27,1331.53,1331.5121767470332,0.017823252966763903,53.0,51.21767470330815
8,275.0,2347.09,1454.47,1454.6887866391291,0.21878663912912089,47.0,68.87866391291027
9,963.0,588.5,1434.42,1434.3438845470635,0.07611545293661948,42.0,34.388454706349876
14,1056.0,2489.69,1894.16,1894.1371968852425,0.022803114757607545,16.0,13.719688524259254
5,728.0,423.16,947.72,947.8582029491988,0.13820294919878506,72.0,85.82029491987487
4,286.0,1063.49,418.17,418.5199553885213,0.3499553885212663,17.0,51.99553885212663
11,332.0,1352.48,1663.39,1663.6574541602542,0.2674541602541467,39.0,65.7454160254274
12,49.0,1118.38,1494.81,1494.93443804209,0.12443804209010523,81.0,93.44380420900416
14,592.0,1268.36,1930.24,1930.0701900581441,0.16980994185587406,24.0,7.019005814421689
3,892.0,171.32,875.39,875.137630240195,0.2523697598049921,39.0,13.763024019499426
11,741.0,1872.39,1847.08,1846.888226324991,0.1917736750090171,8.0,88.82263249909738
14,807.0,2358.41,1819.41,1819.4653780514748,0.05537805147469044,41.0,46.537805147469044
5,873.0,1584.53,1796.7,1796.383893612574,0.316106387426089,70.0,38.389361257402925
3,1159.0,2209.44,1434.84,1434.889151977482,0.04915197748209721,84.0,88.91519774819608
11,920.0,1338.65,1871.27,1871.2562032201197,0.013796779880294707,27.0,25.620322011964163
1,388.0,390.7,332.06,332.00498366018894,0.05501633981106124,6.0,0.4983660188954673
9,576.0,1059.79,1547.5,1547.466813117905,0.03318688209492393,50.0,46.681311790511245
9,524.0,2367.12,1640.78,1640.5009063212967,0.27909367870324786,78.0,50.0906321296643
10,459.0,2183.11,1559.59,1559.8690812988582,0.27908129885827293,59.0,86.90812988582184
4,725.0,588.9,1097.95,1097.890450640582,0.05954935941804251,95.0,89.04506405819848
1,992.0,958.87,1222.41,1222.2783842607005,0.13161573929960468,41.00000000001455,27.838426070054993
10,536.0,2194.42,1615.13,1615.1966818407934,0.06668184079330786,13.0,19.668184079346247
11,1126.0,1593.03,2143.74,2143.693522938257,0.046477061742734804,73.9999999999709,69.35229382570833
10,314.0,1098.8,1539.1,1538.9403468034386,0.15965319656129395,10.0,94.03468034387333
1,9.0,2246.28,1120.22,1120.2302212030347,0.010221203034689097,22.0,23.022120303474367
11,706.0,1508.23,2030.59,2030.466380094168,0.12361990583190163,59.0,46.638009416812565
10,976.0,2166.02,1775.03,1775.1536887464279,0.12368874642788796,3.0,15.368874642794253
5,1028.0,653.19,1313.95,1313.912785929891,0.03721407010903022,95.0,91.27859298911062
8,1166.0,99.47,1149.07,1148.994620353512,0.07537964648804518,7.0,99.46203535118548
12,882.0,1958.14,1944.88,1944.7651149973335,0.11488500266659685,88.0,76.51149973334395
11,448.0,732.79,1090.35,1090.4153535068072,0.0653535068072415,34.99999999998545,41.535350680715055
7,623.0,1691.39,1800.86,1800.5932318728062,0.2667681271936999,86.0,59.323187280620914
3,127.0,293.49,303.2,303.3382854127896,0.13828541278962803,20.0,33.8285412789628
12,218.0,486.02,1005.67,1005.523641766453,0.1463582335469482,67.0,52.36417664530745
3,1166.0,530.44,785.59,785.6838636224026,0.0938636224025231,59.0,68.38636224025686
11,17.0,550.58,830.07,830.0514231702089,0.018576829791186356,7.0,5.142317020887276
9,696.0,1749.97,1649.49,1649.6348237054451,0.1448237054451056,49.0,63.482370544516016
4,305.0,125.79,664.43,664.2591974957328,0.17080250426715793,43.0,25.91974957328057
12,104.0,1300.05,1779.92,1779.7044907403958,0.21550925960423228,92.0,70.44907403958496
1,303.0,931.53,857.42,857.4443004728815,0.02430047288157766,42.0,44.430047288158676
8,1012.0,2390.84,1732.12,1732.1909905200368,0.0709905200369576,12.0,19.099052003672114
9,938.0,2224.29,1913.87,1913.6954355837693,0.17456441623062346,87.0,69.54355837692856
3,471.0,288.19,535.67,535.7770648806342,0.10706488063419783,66.99999999999272,77.70648806341342
5,72.0,977.67,1156.55,1156.5733392694208,0.023339269420830533,55.0,57.33392694208305
10,160.0,2272.56,1642.15,1641.959455407199,0.19054459280118863,15.0,95.94554071989842
10,965.0,1851.28,1805.77,1805.7035532804375,0.06644671956246384,77.0,70.35532804374816
3,266.0,2178.16,1447.95,1447.8169658556942,0.1330341443058387,95.0,81.69658556941431
12,734.0,2491.82,1792.31,1792.362817300301,0.05281730030105791,31.0,36.28173003011034
12,64.0,1641.01,1710.72,1710.6702779948844,0.04972200511565461,72.0,67.02779948842363
9,497.0,1845.08,1674.09,1673.9218375832222,0.1681624167777045,9.0,92.18375832220772
3,781.0,1801.38,1586.21,1585.9611997914901,0.24880020850991968,21.0,96.11997914902167
3,158.0,1070.74,1183.16,1183.0371149286034,0.12288507139669491,16.000000000014552,3.7114928603405133
3,1096.0,200.27,802.96,802.8530116833975,0.10698831660249652,96.0,85.30116833974898
10,831.0,39.86,982.64,982.7613844537118,0.12138445371181206,64.0,76.13844537117984
14,124.0,1064.64,1761.68,1761.5647118023817,0.11528819761838349,68.0,56.47118023817893
4,10.0,1262.73,1261.41,1261.3940633651844,0.01593663481571639,41.00000000001455,39.406336518441094
7,1176.0,2489.13,1921.16,1921.1169737007247,0.04302629927542512,16.0,11.697370072477497
6,803.0,465.6,1012.0,1012.0131508018513,0.013150801851338656,0.0,1.3150801851297729
9,868.0,62.12,1022.81,1022.8971901530575,0.08719015305757694,81.0,89.71901530574542
1,181.0,128.05,225.12,225.1728246878209,0.05282468782090177,12.0,17.28246878209029
3,70.0,631.88,564.16,564.1796076658546,0.019607665854664447,16.0,17.960766585463716
8,1090.0,419.76,1189.47,1189.5336563435021,0.06365634350208893,47.0,53.36563435020798
14,1184.0,2269.89,1943.24,1943.2109179702593,0.029082029740720827,24.0,21.091797025932465
2,547.0,119.09,509.52,509.5912368302816,0.07123683028163441,52.0,59.123683028163214
11,265.0,218.66,949.34,949.3238767699277,0.016123230072366823,34.0,32.38767699277378
10,223.0,886.32,1305.54,1305.6733843716552,0.133384371655211,54.0,67.338437165512
12,959.0,1947.82,1833.24,1833.4276364304073,0.18763643040733768,24.0,42.76364304072922
11,498.0,1578.39,1793.52,1793.3470056132485,0.1729943867514976,52.0,34.700561324862065
14,127.0,988.4,1688.9,1688.8507127823661,0.04928721763394606,90.0,85.07127823660267
3,621.0,214.08,779.66,779.5575838876142,0.10241611238575388,66.0,55.75838876141643
6,1193.0,2241.5,1839.47,1839.532111411133,0.06211141113294616,47.0,53.21114111330826
4,448.0,2055.97,1497.46,1497.4491239625422,0.01087603745781962,46.0,44.912396254221676
8,466.0,2064.63,1558.12,1558.0241640942277,0.09583590577221912,12.0,2.416409422759898
12,229.0,1216.16,1696.65,1696.698816357747,0.04881635774700044,65.0,69.88163577471278
13,658.0,559.48,1573.12,1573.0692839738729,0.050716026127020086,12.0,6.928397387295263
13,1034.0,2477.98,1842.24,1842.2507124699507,0.010712469950703962,24.0,25.07124699506676
4,842.0,2464.29,1611.66,1611.808147165884,0.1481471658839837,66.0,80.81471658841474
13,837.0,1218.93,1921.68,1921.6537984411395,0.02620155886052089,68.0,65.37984411395155
11,927.0,1306.37,1804.68,1804.8736926264087,0.19369262640861962,68.0,87.36926264085923
4,1047.0,1657.68,1605.84,1605.8160607432824,0.023939256717540047,84.0,81.60607432824327
4,262.0,1681.28,1435.34,1435.5948006374938,0.2548006374938723,34.0,59.480063749389956
7,1126.0,1103.75,2014.72,2014.7441925380485,0.02419253804850996,72.0,74.41925380486646
5,781.0,672.91,1125.36,1125.4078264227533,0.04782642275336002,35.99999999998545,40.78264227532782
5,831.0,591.65,1090.31,1090.3545991487665,0.04459914876656512,31.0,35.45991487665742
7,1089.0,1026.25,2132.85,2132.7343304407927,0.11566955920716282,85.0,73.43304407928372
9,368.0,495.12,847.33,847.2267336360743,0.10326636392574073,33.0,22.67336360743502
6,818.0,1130.38,1704.06,1704.1925690000896,0.13256900008968842,6.0,19.25690000897157
11,667.0,1915.95,1732.2,1732.3882695426441,0.18826954264409324,20.0,38.826954264426604
2,267.0,2116.93,1349.04,1349.083742787469,0.04374278746900018,4.0,8.37427874689456
13,529.0,1767.79,2015.18,2015.0592072073036,0.12079279269642029,18.0,5.920720730355242
9,1155.0,1346.4,2248.12,2248.0148702834003,0.10512971659954928,12.0,1.4870283400232438
7,1185.0,1768.01,2072.18,2072.1242194513757,0.05578054862417048,17.999999999970896,12.421945137553848
5,763.0,1420.94,1777.14,1776.9217623413165,0.21823765868361988,14.0,92.17623413164984
7,368.0,1231.69,1550.04,1549.7086446280107,0.3313553719892752,4.0,70.86446280108066
6,659.0,322.1,972.58,972.540588170754,0.039411829246091656,58.0,54.058817075390834
14,1138.0,518.18,1696.86,1696.7819196222179,0.0780803777820438,86.0,78.19196222178289
6,172.0,1977.78,1603.89,1603.6917501027954,0.1982498972047324,89.0,69.17501027954859
6,628.0,311.47,903.3,903.3340732852297,0.03407328522973785,30.0,33.40732852296787
2,500.0,1246.48,1264.53,1264.649614017625,0.11961401762505375,53.0,64.96140176249901
8,7.0,2075.6,1422.12,1422.1956721366892,0.07567213668926343,12.0,19.567213668924524
5,942.0,2092.87,1696.72,1696.8439793462737,0.12397934627369978,72.0,84.39793462736998
12,81.0,2485.34,1589.65,1589.6708079342427,0.020807934242611736,65.0,67.08079342427664
4,166.0,791.52,866.18,866.1238606341603,0.056139365839612765,18.0,12.38606341603736
3,213.0,1724.85,1344.71,1344.8242750122995,0.11427501229945847,71.0,82.42750122994767
11,1004.0,167.15,1175.65,1175.77262456706,0.12262456705980185,65.00000000001455,77.26245670598291
5,116.0,478.1,624.04,623.9604472985803,0.07955270141962956,4.0,96.04472985803295
13,112.0,2299.56,1807.67,1807.5893131354271,0.08068686457295371,67.0,58.93131354270736
2,660.0,1944.4,1531.2,1530.8861631202706,0.3138368797294788,20.0,88.61631202706485
10,888.0,298.68,1171.54,1171.4961047622155,0.043895237784454366,54.0,49.61047622155456
10,860.0,2380.76,1759.97,1760.0670023011808,0.09700230118073705,97.0,6.7002301180618815
10,1187.0,1981.09,2013.21,2013.078694985355,0.1313050146450223,21.0,7.86949853549595
12,1139.0,124.65,1314.3,1314.3901886460837,0.09018864608378863,30.0,39.01886460836977
5,966.0,359.51,927.98,928.0665410095884,0.08654100958835897,98.0,6.65410095883999
10,796.0,1352.08,2000.19,2000.0473063443571,0.14269365564291547,19.0,4.730634435720276
9,72.0,1281.32,1515.54,1515.3765968261632,0.1634031738367412,54.0,37.65968261632952
10,215.0,2440.91,1638.66,1638.5873156782834,0.07268432171667882,66.0,58.73156782833394
7,671.0,1297.02,1703.2,1702.7360645225895,0.4639354774105868,20.0,73.60645225894405
5,230.0,333.69,538.36,538.4917922961926,0.1317922961925433,36.0,49.17922961925797
5,467.0,1243.31,1549.82,1549.787338568628,0.03266143137193467,82.0,78.73385686278925
13,247.0,2339.61,1705.9,1705.9529132082732,0.05291320827313939,90.0,95.29132082732394
14,777.0,1248.61,1837.25,1837.3836316579468,0.13363165794680754,25.0,38.36316579466802
11,740.0,1171.99,902.09,902.332724844124,0.24272484412392714,9.0,33.272484412402264
6,884.0,1798.31,1897.87,1897.6765261972732,0.1934738027266576,87.0,67.65261972733424
5,789.0,1853.31,1792.88,1792.618895616931,0.261104383069096,88.0,61.889561693096766
4,825.0,874.99,784.52,784.6507065746068,0.13070657460684743,52.0,65.07065746068838
2,301.0,769.23,731.28,731.3200206669602,0.04002066696023121,28.0,32.00206669601903
12,1007.0,1353.77,1925.32,1925.4401691688458,0.120169168845905,32.0,44.01691688457504
14,81.0,1251.97,1682.62,1682.6960176472817,0.0760176472817875,62.0,69.60176472816966
8,1159.0,2175.27,1752.18,1752.248233738309,0.06823373830889068,18.0,24.82337383090635
1,752.0,1632.35,1362.39,1362.5988811621735,0.20888116217338393,39.0,59.888116217334755
5,1014.0,1853.57,1749.31,1749.2789842598359,0.031015740164093586,31.0,27.898425983585184
9,686.0,145.66,972.95,973.0487434401322,0.09874344013212522,95.0,4.87434401322389
5,654.0,1272.89,1724.68,1724.39252907919,0.2874709208101649,68.0,39.25290791899897
8,621.0,2391.34,1593.12,1593.0000917409682,0.11990825903171753,12.0,0.00917409680550918
9,1080.0,539.51,1306.91,1307.0206551839208,0.11065518392069862,91.00000000001455,2.065518392075319
10,714.0,269.06,1067.81,1067.694539835692,0.11546016430793316,81.0,69.45398356919759
10,816.0,1425.64,1872.81,1873.0037642580699,0.19376425806990483,81.0,0.3764258069859352
14,1122.0,1766.25,2239.35,2239.295278473453,0.054721526546927635,35.0,29.527847345307237
4,1202.0,1074.87,1501.24,1501.2687937988585,0.028793798858487207,24.0,26.879379885853268
5,651.0,1573.3,1682.08,1682.2543761959992,0.17437619599922982,8.0,25.437619599921163
14,1100.0,237.69,1265.57,1265.6571957511205,0.0871957511205892,57.0,65.71957511204528
14,296.0,485.68,924.9,924.9410213291898,0.04102132918978896,90.0,94.10213291898253
1,697.0,2148.5,1421.07,1421.0226849465819,0.047315053418060415,7.0,2.2684946582012344
6,1044.0,47.46,1133.45,1133.4977630153553,0.047763015355258176,45.0,49.776301535530365
12,398.0,2481.44,1755.18,1755.047801306015,0.13219869398517403,18.0,4.780130601488054
3,139.0,2428.89,1345.66,1345.7508402160613,0.09084021606122406,66.0,75.08402160613332
6,84.0,852.7,1109.32,1109.253390722868,0.06660927713187448,32.0,25.339072286806186
2,423.0,1639.17,1367.64,1367.4910851702598,0.14891482974030623,64.0,49.10851702597574
11,815.0,2385.6,1872.44,1872.2639694456388,0.17603055436120485,44.0,26.396944563894067
6,577.0,897.74,1257.31,1257.4788476454867,0.16884764548672138,31.0,47.88476454866759
8,200.0,1508.89,1461.33,1461.5734419360895,0.243441936089539,33.0,57.34419360893662
9,1102.0,540.6,1455.85,1455.8647088604232,0.014708860423297665,85.0,86.47088604231249
12,508.0,1970.54,1770.91,1770.9413896686365,0.03138966863639325,91.0,94.13896686365479
7,1161.0,1499.97,1862.45,1862.5514140142834,0.10141401428336394,45.0,55.141401428350946
2,730.0,285.24,624.78,624.887360262502,0.10736026250208397,78.0,88.7360262502043
13,996.0,1809.2,1956.89,1956.9512193369544,0.061219336954309256,89.0,95.12193369545275
5,1160.0,1901.83,1673.89,1673.9086231071394,0.018623107139319472,89.0,90.86231071394286
2,1139.0,306.43,726.14,726.1556131702325,0.015613170232541052,14.0,15.56131702325365
14,191.0,2442.76,1798.47,1798.407313378459,0.06268662154093363,47.0,40.73133784590755
7,776.0,2447.82,1826.93,1826.8204007285944,0.10959927140561376,93.0,82.04007285943953
7,847.0,1994.62,1851.7,1851.4260714899583,0.2739285100417419,70.0,42.60714899582672
6,924.0,1227.21,1871.76,1871.473801831282,0.28619816871810144,76.0,47.380183128174394
2,933.0,1589.58,1489.99,1489.9235466204896,0.06645337951044894,99.0,92.35466204895056
10,773.0,865.92,1837.11,1836.9922662953347,0.11773370466517008,11.0,99.22662953348481
3,196.0,1211.68,1229.87,1230.0053650163866,0.13536501638668597,86.99999999998545,0.5365016386640491
5,477.0,655.24,935.38,935.3612810406726,0.01871895932742973,38.0,36.12810406726203
5,828.0,1606.84,1690.82,1691.1009864446828,0.28098644468286693,82.0,10.09864446829306
11,458.0,1364.29,1649.04,1649.2564295341201,0.2164295341201523,4.0,25.642953412025236
3,289.0,1245.67,1279.31,1279.2374112805628,0.0725887194371353,31.0,23.741128056281013
1,1060.0,501.67,658.14,658.1779775944225,0.03797759442250026,14.0,17.797759442255483
5,1085.0,2486.43,1664.83,1664.920716853416,0.09071685341609736,83.0,92.07168534159428
4,675.0,381.48,779.68,779.5861629076838,0.09383709231610737,68.0,58.61629076839017
8,415.0,1214.97,1473.75,1473.9946570791415,0.2446570791414615,75.0,99.46570791414706
6,425.0,709.75,1114.9,1114.8405147842168,0.05948521578329746,90.00000000001455,84.05147842167935
7,313.0,2408.02,1637.65,1637.6731646626986,0.023164662698491156,65.0,67.31646626986912
13,235.0,426.07,897.26,897.3042245148652,0.044224514865163655,26.0,30.422451486520004
7,635.0,1406.31,1630.66,1630.9550356356124,0.29503563561229385,66.0,95.50356356124394
10,1009.0,2164.22,1889.87,1889.7017198695432,0.16828013045665102,87.0,70.1719869543158
3,692.0,450.7,748.57,748.5856353185593,0.015635318559247935,57.0,58.56353185593616
2,91.0,1073.76,1013.78,1013.8461408558928,0.06614085589285423,78.0,84.61408558928815
8,1187.0,1045.91,2047.06,2046.9876619302358,0.07233806976410051,6.0,98.76619302359177
14,600.0,1120.05,1847.84,1847.916323208552,0.07632320855213948,84.0,91.63232085522031
5,210.0,710.49,483.34,483.52439770855545,0.18439770855547977,34.0,52.43977085554798
12,10.0,1203.1,1564.9,1564.9563749320166,0.056374932016524326,90.0,95.63749320164789
1,452.0,275.05,282.89,282.84905116589255,0.040948834107439325,89.0,84.90511658925607
4,256.0,2218.74,1476.03,1476.1715590672782,0.14155906727819456,3.0,17.15590672782855
8,312.0,2383.17,1557.27,1557.1311336541137,0.1388663458862993,27.0,13.113365411380073
2,1175.0,816.2,1237.62,1237.573509924825,0.046490075174915546,61.99999999998545,57.35099248250481
11,960.0,383.64,1248.46,1248.3650583684575,0.09494163154249691,46.0,36.50583684575395
6,690.0,1009.37,1559.83,1559.709416063126,0.12058393687402713,83.0,70.94160631258273
14,487.0,579.29,1516.68,1516.6353111386243,0.0446888613757892,68.0,63.53111386243836
8,75.0,315.71,593.83,593.9974484588755,0.16744845887546944,83.00000000000728,99.74484588755149
13,360.0,271.93,1017.64,1017.5991191358044,0.04088086419562842,64.0,59.911913580435794
11,708.0,1871.77,1916.37,1916.1289933856406,0.24100661435932125,37.0,12.899338564049685
3,182.0,347.82,384.77,384.8971597887929,0.12715978879293743,77.0,89.71597887929238
10,683.0,2442.92,1643.68,1643.7475861984146,0.06758619841457403,68.0,74.75861984145013
5,392.0,1264.6,1465.72,1465.9363569716218,0.21635697162173528,72.0,93.63569716218626
10,175.0,1443.25,1635.5,1635.40111980347,0.09888019652998992,50.0,40.11198034699191
7,577.0,1959.13,1603.6,1603.7468513994975,0.14685139949756376,60.0,74.68513994975365
13,799.0,951.92,1793.36,1793.3463716083888,0.013628391611064217,36.0,34.63716083887266
13,608.0,370.89,1170.54,1170.5869798560925,0.04697985609254829,54.0,58.69798560925119
7,194.0,202.49,686.23,686.3164438653312,0.08644386533114812,23.0,31.644386533123907
13,889.0,232.72,1394.38,1394.325319897483,0.05468010251706801,38.0,32.531989748298656
7,901.0,136.8,1222.6,1222.425947585322,0.17405241467781707,59.99999999998545,42.594758532213746
1,698.0,1525.82,1398.75,1398.4816406371979,0.2683593628021299,75.0,48.16406371979974
14,1015.0,871.76,1846.41,1846.4859656710319,0.07596567103178131,41.0,48.596567103173584
9,524.0,136.46,848.89,848.9225029563942,0.03250295639418255,89.0,92.25029563941644
5,781.0,2114.27,1789.85,1789.7624141350443,0.08758586495559939,85.0,76.24141350443824
3,200.0,58.24,494.63,494.49981069201783,0.13018930798216388,63.0,49.98106920178543
5,503.0,2335.55,1649.42,1649.4552879311775,0.035287931177435894,42.0,45.52879311775905
11,667.0,2221.67,1872.89,1872.6525235786112,0.23747642138891933,89.0,65.25235786111443
7,336.0,1843.58,1691.68,1691.6271787102553,0.05282128974477018,68.0,62.7178710255248
4,217.0,1506.46,1455.37,1455.2394103317251,0.1305896682747516,37.0,23.94103317250847
8,207.0,1146.93,1479.01,1479.1540686201577,0.1440686201576682,1.0,15.406862015777733
7,690.0,1807.71,1710.98,1710.8881209436179,0.09187905638214033,98.0,88.81209436178324
2,251.0,1916.43,1285.2,1285.303718177931,0.10371817793088667,20.0,30.37181779308594
4,627.0,956.98,1337.63,1337.7059118344653,0.0759118344651597,63.0,70.59118344652234
4,1194.0,2250.51,1691.15,1691.0540999968,0.09590000320008585,15.0,5.409999680006877
10,64.0,455.9,774.64,774.6956494538697,0.05564945386970521,64.0,69.56494538697007
8,15.0,377.85,657.8,657.7130510933906,0.08694890660933652,80.0,71.30510933906771
11,741.0,1207.39,1878.06,1878.0962872976895,0.03628729768956873,6.0,9.628729768941412
8,638.0,1007.48,1483.06,1483.1430466930285,0.08304669302856382,6.0,14.30466930285911
12,965.0,1700.28,1879.09,1879.045716210935,0.04428378906482067,9.0,4.571621093520662
8,1182.0,990.07,1840.75,1840.807472629181,0.05747262918089291,75.0,80.7472629180993
13,1062.0,869.28,2090.54,2090.4806748002015,0.059325199798422545,54.0,48.06748002016684
1,754.0,1220.47,1346.14,1346.0833584536833,0.056641546316768654,14.0,8.33584536833223
14,767.0,186.47,1292.77,1292.7080145667858,0.06198543321420402,77.0,70.80145667857141
11,775.0,1752.23,1809.29,1809.4874713061984,0.1974713061983948,29.0,48.74713061982766
8,592.0,1402.98,1561.41,1561.4915641738767,0.08156417387658621,41.0,49.15641738765407
6,957.0,727.75,1448.72,1448.6973591797992,0.022640820200876988,72.0,69.73591797990957
9,800.0,2167.72,1726.51,1726.6438005305067,0.13380053050673268,51.0,64.38005305067054
6,1198.0,222.6,1107.96,1107.971683164734,0.011683164733995,96.0,97.16831647339859
3,1092.0,1737.65,1462.01,1462.154492162937,0.14449216293701284,1.0,15.449216293694917
12,958.0,2499.84,1791.69,1791.6227898898671,0.067210110132919,69.0,62.27898898671265
11,955.0,1282.19,2000.42,2000.2860961137235,0.13390388627658467,42.0,28.60961137234699
11,605.0,1880.69,1711.55,1711.7753226574541,0.22532265745417135,55.0,77.5322657454235
7,670.0,1558.02,1702.81,1702.8846388790573,0.07463887905737465,81.0,88.4638879057311
11,844.0,1962.77,1787.57,1787.8720044913816,0.3020044913816946,57.0,87.20044913815218
3,718.0,1158.02,1416.98,1417.1516151991605,0.171615199160442,98.0,15.16151991605875
6,323.0,1477.23,1608.55,1608.6781155864403,0.1281155864403445,55.0,67.81155864402535
14,616.0,2374.41,1828.37,1828.4085246487316,0.03852464873170902,37.0,40.85246487316908
8,752.0,1519.78,1662.92,1662.9607686147726,0.040768614772559886,92.0,96.07686147725326
3,1187.0,1632.14,1451.85,1451.8760135560242,0.02601355602428157,85.0,87.60135560241179
3,1013.0,166.52,711.07,711.1600728751339,0.09007287513384199,7.0,16.00728751339193
5,741.0,429.24,951.92,951.8634033295793,0.056596670420617556,92.0,86.34033295793051
3,224.0,358.77,406.36,406.4055694709783,0.045569470978307436,36.0,40.556947097829834
3,712.0,512.23,751.16,751.2307894178778,0.07078941787779058,16.0,23.07894178778224
12,218.0,901.03,1371.86,1371.94347369484,0.083473694839995,86.0,94.34736948399222
6,373.0,587.38,956.61,956.5322048001154,0.0777951998845765,61.0,53.22048001154326
8,562.0,2479.33,1478.31,1478.4648734487282,0.15487344872826725,31.0,46.48734487281763
5,132.0,2387.03,1454.05,1454.2132599122485,0.16325991224857717,5.0,21.325991224846803
3,98.0,871.46,866.05,866.0845535546616,0.034553554661670205,5.0,8.45535546616884
14,545.0,1206.76,1977.89,1977.8082298812092,0.08177011879092788,89.0,80.82298812092631
1,869.0,1498.88,1398.94,1398.859775847356,0.08022415264395022,94.0,85.9775847356068
2,875.0,393.25,640.56,640.6403509970472,0.080350997047276,55.999999999992724,64.03509970472078
8,888.0,2296.07,1718.71,1718.8845102467799,0.17451024677984606,71.0,88.45102467798279
1,716.0,1396.41,1376.59,1376.5046507359102,0.08534926408970023,59.0,50.46507359101088
8,1025.0,1031.33,2214.64,2214.468753710514,0.17124628948567988,64.0,46.875371051428374
9,1064.0,2016.76,1810.94,1810.7148233934042,0.22517660659582361,94.0,71.48233934043674
4,463.0,1963.41,1607.34,1607.0857615336458,0.25423846635408154,34.0,8.57615336458548
1,678.0,1478.57,1370.31,1370.3635447664346,0.05354476643469752,31.0,36.354476643464295
1,436.0,1358.14,1154.03,1154.1809072309302,0.15090723093021552,3.0,18.090723093017004
5,586.0,2135.36,1661.61,1661.5317264888022,0.07827351119772175,61.0,53.17264888022328
1,797.0,126.8,543.18,543.1139840637678,0.06601593623213375,17.999999999992724,11.39840637677844
14,481.0,939.99,877.17,877.2677778200662,0.09777782006619873,17.0,26.777782006611233
7,172.0,1486.86,1557.94,1557.8407238707255,0.0992761292745854,94.0,84.07238707254874
10,1192.0,23.47,1157.87,1157.9469127456653,0.07691274566536777,86.99999999998545,94.69127456653223
7,981.0,658.85,1351.69,1351.8355538979833,0.14555389798329088,69.0,83.55538979833364
10,692.0,1671.71,1701.23,1701.065257174263,0.16474282573699384,23.0,6.525717426295159
13,710.0,2223.86,1979.83,1979.68145433231,0.14854566768985933,83.0,68.14543323099497
12,380.0,1526.79,1787.41,1787.2626682210855,0.14733177891457672,41.0,26.266822108562337
3,133.0,1728.5,1373.4,1373.2706191300404,0.12938086995973208,40.0,27.06191300402861
4,730.0,799.25,1250.66,1250.6150144952367,0.04498550476341734,66.00000000001455,61.50144952366827
12,1070.0,1055.51,2030.76,2030.8780651626503,0.11806516265028222,76.0,87.80651626503095
8,1185.0,554.98,1545.67,1545.5830781796344,0.0869218203656601,67.0,58.30781796344672
11,456.0,2223.72,1600.1,1600.16185607982,0.06185607982001784,10.0,16.185607981984504
12,85.0,1056.43,1466.31,1466.3745493378576,0.06454933785767025,31.0,37.45493378577521
2,543.0,103.37,544.12,544.0562508573628,0.06374914263722076,12.0,5.625085736275651
6,367.0,1947.68,1606.76,1606.8572715629844,0.09727156298436057,76.0,85.72715629843879
1,481.0,1792.17,1215.84,1215.7641471811858,0.0758528188141554,83.99999999998545,76.41471811858355
5,233.0,1862.04,1562.23,1562.0113373482038,0.21866265179619404,23.0,1.1337348203815054
1,45.0,1070.22,922.69,922.7156164021432,0.02561640214310046,69.0,71.5616402143205
5,152.0,2444.81,1523.75,1523.6681672193442,0.08183278065575905,75.0,66.81672193441773
7,344.0,1242.05,1514.4,1514.7445902776315,0.34459027763136874,40.0,74.45902776313596
5,320.0,1584.55,1584.73,1584.5063324884622,0.22366751153776931,73.0,50.63324884622125
9,989.0,378.12,1193.72,1193.759651121647,0.03965112164701168,72.0,75.9651121647039
10,57.0,936.89,1237.07,1237.1573543875534,0.08735438755343239,7.0,15.735438755335053
12,342.0,2253.61,1659.5,1659.5997044679668,0.09970446796683063,50.0,59.970446796680335
2,983.0,2109.93,1519.98,1520.119918398587,0.13991839858704225,98.0,11.991839858703315
10,886.0,1990.03,1749.93,1750.0524538121058,0.12245381210573214,93.0,5.2453812105813995
10,5.0,836.86,1116.56,1116.5734608063951,0.01346080639518732,56.0,57.346080639516
3,80.0,517.54,457.49,457.59735380761475,0.10735380761474289,49.0,59.735380761478154
8,482.0,1411.49,631.81,632.1526713875495,0.34267138754955795,80.99999999999272,15.267138754948974
4,11.0,312.01,426.22,426.14506306320703,0.0749369367929944,22.0,14.506306320705335
13,632.0,268.91,1396.28,1396.2023855125979,0.07761448740211563,28.0,20.238551259797532
8,323.0,46.48,703.45,703.4956143331065,0.04561433310641405,45.0,49.56143331064959
11,527.0,1550.32,1806.06,1806.0862477627845,0.0262477627845783,6.0,8.624776278447825
5,948.0,898.6,1499.68,1499.624764585672,0.05523541432808088,68.0,62.47645856719464
5,504.0,1502.63,1628.66,1628.4233621776432,0.23663782235689723,66.0,42.33621776432847
10,793.0,1422.29,2007.62,2007.354183896785,0.26581610321500193,62.0,35.41838967849617
13,32.0,232.43,805.12,805.0851540405112,0.034845959488848166,12.0,8.515404051111545
9,768.0,1815.6,1666.18,1666.3049242727336,0.12492427273355133,18.0,30.49242727336241
9,994.0,1742.62,1849.58,1849.452825308242,0.12717469175800034,58.0,45.28253082418814
1,1105.0,1432.3,1387.17,1387.1977033019157,0.02770330191560788,17.0,19.770330191560788
12,178.0,507.59,907.19,907.2229141200678,0.03291412006774408,19.0,22.29141200677259
10,472.0,431.95,924.65,924.6087383002742,0.041261699725737344,65.0,60.873830027427175
5,716.0,1111.23,1492.08,1492.367129932094,0.2871299320941034,8.0,36.71299320939579
10,872.0,2191.27,1776.62,1776.4451727501248,0.17482724987507936,62.0,44.5172750124766
12,211.0,749.56,1285.23,1285.176115296372,0.05388470362800035,23.0,17.611529637200874
4,199.0,1310.01,1400.57,1400.5012485895645,0.06875141043542499,57.0,50.12485895646387
2,1029.0,1702.6,1577.55,1577.4096566778492,0.14034332215078393,55.0,40.96566778491251
10,643.0,2263.77,1685.92,1685.7770597967715,0.1429402032285907,92.0,77.70597967715003
10,797.0,1706.73,1724.42,1724.8378095892124,0.41780958921231104,42.0,83.78095892124111
12,657.0,322.5,1113.16,1113.2942004849704,0.13420048497027892,16.000000000014552,29.420048497035168
8,177.0,486.06,751.58,751.5489414110992,0.031058588900805262,58.0,54.8941411099222
2,222.0,456.24,437.4,437.2769283237585,0.12307167624146587,40.0,27.6928323758475
3,555.0,2342.76,1458.63,1458.6178884885107,0.012111511489365512,63.0,61.78884885107982
2,785.0,1964.63,1522.76,1522.7035248347454,0.056475165254596504,76.0,70.35248347453307
5,104.0,281.67,464.68,464.87286567137653,0.19286567137652355,68.0,87.2865671376494
1,673.0,2026.16,1372.83,1372.8711167089732,0.04111670897327713,83.0,87.11167089731316
10,877.0,1711.12,1897.37,1897.119231631938,0.2507683680619266,37.0,11.923163193801884
1,250.0,1300.17,1145.33,1145.2937228590433,0.036277140956599396,33.0,29.372285904333694
1,467.0,296.49,221.23,221.34291936978872,0.11291936978872741,23.0,34.2919369788724
11,1106.0,2250.54,2050.62,2050.5295209148867,0.09047908511320202,62.0,52.952091488667065
14,865.0,2497.16,1885.87,1885.833970733474,0.036029266525929415,87.0,83.39707334738341
8,107.0,2450.89,1468.19,1468.2681516369958,0.07815163699569894,19.0,26.8151636995608
8,80.0,1092.18,1365.73,1365.6252951430945,0.10470485690552778,73.0,62.52951430945541
8,945.0,766.98,1625.53,1625.579763302207,0.04976330220711134,53.0,57.97633022069931
13,1140.0,1607.8,2214.64,2214.5805598129214,0.059440187078507734,64.0,58.0559812921274
2,636.0,1438.19,1435.96,1435.7659550220799,0.19404497792015718,96.0,76.59550220798701
14,865.0,1422.11,1921.18,1921.2695563340772,0.08955633407708774,18.0,26.955633407720597
12,482.0,1710.47,1746.74,1746.9085660415358,0.16856604153576882,74.0,90.85660415358143
2,68.0,756.61,648.53,648.443540157773,0.08645984222698644,53.0,44.35401577729499
14,1001.0,1647.24,2080.0,2079.9629987730673,0.037001226932716236,0.0,96.29987730673747
1,547.0,573.6,616.27,616.2393903624188,0.03060963758116486,27.0,23.939036241878057
10,5.0,1338.9,1610.25,1610.1988436705699,0.051156329430114056,25.0,19.88436705697677
3,1158.0,1107.4,1361.3,1361.4552308729014,0.15523087290148396,30.0,45.52308729014476
1,993.0,1143.58,1328.85,1328.9050347026675,0.055034702667626334,85.0,90.50347026676172
6,378.0,837.63,1215.96,1215.9073666337654,0.05263336623465875,96.0,90.73666337653412
11,1156.0,2231.86,1988.56,1988.5861864480598,0.02618644805988879,56.0,58.61864480597433
5,1050.0,882.86,1430.04,1430.1554552397588,0.11545523975883043,4.0,15.5455239758885
8,836.0,735.52,1606.63,1606.5771238809784,0.05287611902167555,63.0,57.712388097832445
11,654.0,1516.42,1870.43,1870.5931384461214,0.16313844612136563,43.0,59.3138446121302
8,633.0,1308.36,1639.12,1638.9853927480688,0.1346072519311292,12.0,98.53927480688435
12,713.0,1642.01,1873.19,1873.2820662900826,0.0920662900825846,19.0,28.20662900825846
5,96.0,1105.47,1312.16,1312.227169912574,0.06716991257394511,16.0,22.716991257388145
7,1054.0,576.47,1344.18,1344.1949897755278,0.014989775527737947,18.0,19.49897755277925
12,495.0,1948.13,1831.92,1831.7345420753782,0.18545792462191457,92.0,73.45420753781218
1,1068.0,2011.28,1421.45,1421.4806587968815,0.030658796881425587,45.0,48.065879688132554
7,1000.0,1620.46,1971.23,1971.3654540392974,0.1354540392974286,23.0,36.54540392974741
13,855.0,1798.75,1951.77,1951.7875359212817,0.01753592128170567,77.0,78.75359212816693
8,544.0,1279.51,1483.77,1483.9306416132094,0.16064161320946369,77.0,93.06416132094455
11,816.0,544.99,1077.12,1077.2800892618686,0.16008926186873396,11.999999999985448,28.008926186856115
5,1080.0,2383.82,1664.76,1664.8275598287246,0.06755982872459754,76.0,82.75598287244793
8,1124.0,1908.69,1833.27,1833.1594699911345,0.11053000886545306,27.0,15.946999113453785
3,29.0,1632.85,1269.1,1269.1398457369708,0.0398457369708467,9.999999999985448,13.984573697074666
6,470.0,2235.72,1628.6,1628.7363593527346,0.13635935273464383,60.0,73.63593527345802
7,287.0,2293.5,1558.09,1557.9614167071236,0.12858329287632841,9.0,96.14167071235715
4,72.0,1367.29,1302.97,1302.9978469968373,0.02784699683729741,97.0,99.78469968373247
6,344.0,233.31,800.18,800.1949177689061,0.01491776890611618,18.0,19.491776890601614
8,801.0,1241.21,1780.65,1780.6890385127497,0.0390385127495847,65.0,68.90385127495392
5,629.0,484.34,1029.87,1029.7732621400414,0.09673785995846629,86.99999999998545,77.32621400414791
11,327.0,961.08,1356.46,1356.572066460409,0.1120664604088688,46.0,57.206646040896885
14,94.0,105.94,1180.63,1180.5861692678995,0.043830732100559544,63.00000000001455,58.61692678995314
4,1113.0,2103.82,1695.08,1694.9303511422963,0.14964885770359615,8.0,93.03511422962765
14,267.0,2090.21,1968.4,1968.3042259348572,0.09577406514290487,40.0,30.422593485709513
10,625.0,519.94,1229.41,1229.3908630311935,0.01913696880660609,41.00000000001455,39.08630311934394
11,398.0,723.39,1154.77,1154.7418229949767,0.0281770050232808,77.0,74.18229949766828
14,68.0,438.96,866.76,866.7483445546058,0.011655445394239905,76.0,74.83445546057192
3,769.0,2497.93,1587.8,1587.7361241803349,0.0638758196650997,80.0,73.61241803347366
13,694.0,1054.31,1815.02,1814.9940523779708,0.025947622029207196,2.0,99.40523779706564
12,1088.0,1977.91,1883.21,1883.2691819544957,0.05918195449567065,21.0,26.918195449572522
9,101.0,950.23,1281.64,1281.746593783878,0.10659378387799734,64.00000000001455,74.65937838780519
1,170.0,2452.85,1209.08,1209.111583304952,0.031583304952164326,8.0,11.158330495207338
12,1135.0,475.95,1447.39,1447.3764502758488,0.01354972415128941,39.0,37.64502758489107
3,1109.0,2092.26,1436.66,1436.7771220499671,0.11712204996706532,66.0,77.71220499672927
7,753.0,358.13,1084.79,1084.7616116843815,0.02838831561848565,79.0,76.16116843814962
2,521.0,467.19,667.85,667.7349871222041,0.11501287779594804,85.0,73.49871222040383
12,1003.0,983.23,1996.18,1996.2346472288273,0.05464722882720707,18.0,23.464722882723436
14,646.0,2418.19,1931.21,1931.1813371795633,0.028662820436693437,21.0,18.13371795634157
14,1153.0,346.58,1292.93,1292.9455485516492,0.015548551649089859,93.0,94.55485516491171
4,18.0,289.06,380.88,380.93552910740794,0.05552910740794914,88.0,93.55291074079287
13,1167.0,1074.36,2197.33,2197.2538329015356,0.07616709846433878,33.0,25.38329015354975
1,1113.0,1536.0,1403.6,1403.663164262305,0.06316426230500838,60.0,66.3164262304781
6,930.0,1907.95,1788.75,1788.957028457965,0.2070284579649524,75.0,95.70284579650615
5,714.0,617.72,1164.2,1164.1208534099972,0.07914659000289248,20.0,12.085340999721666
7,256.0,2180.53,1548.87,1549.0533762278635,0.18337622786361862,87.0,5.33762278634822
9,1063.0,2497.79,1761.94,1761.9654417077197,0.02544170771966492,94.0,96.5441707719583
11,512.0,2016.19,1710.53,1710.5882397088583,0.058239708858309314,53.0,58.82397088583093
9,463.0,1024.53,1476.48,1476.3987650227537,0.08123497724636763,48.0,39.876502275350504
12,714.0,2003.23,1829.06,1829.2221493724403,0.16214937244035355,6.0,22.214937244018074
9,1165.0,1868.79,1945.95,1945.8840299347667,0.06597006523338678,95.0,88.4029934766586
1,872.0,2420.07,1456.34,1456.258909223882,0.08109077611788962,34.0,25.8909223882074
10,631.0,1220.71,1730.86,1730.8013077305877,0.058692269412176756,86.0,80.13077305877232
9,633.0,888.17,1384.78,1384.809239429038,0.02923942903794341,78.0,80.92394290378434
4,1065.0,119.34,781.82,781.8585164806477,0.038516480647672324,82.0,85.85164806476678
12,947.0,193.05,1225.63,1225.6414679634088,0.011467963408676951,63.00000000001455,64.14679634087952
4,159.0,568.58,647.0,647.0140101781066,0.014010178106559579,0.0,1.4010178106545936
1,292.0,449.83,363.02,362.9555020719943,0.06449792800566456,2.0,95.55020719943423
1,1115.0,926.13,1192.88,1192.9009463699324,0.0209463699322896,88.00000000001455,90.09463699323533
7,1168.0,667.94,1639.55,1639.426102461075,0.12389753892489352,55.0,42.6102461075061
4,348.0,2047.08,1507.04,1506.855041494707,0.18495850529302515,4.0,85.50414947068202
8,77.0,1930.98,1485.69,1485.7945507583654,0.10455075836534888,69.0,79.45507583653671
7,1033.0,1013.03,2119.83,2119.8482948385977,0.018294838597739727,83.0,84.82948385976488
4,672.0,1603.52,1612.43,1612.5651557050824,0.13515570508229757,43.0,56.51557050822885
4,1191.0,999.45,1478.93,1478.985890384334,0.055890384333906695,93.0,98.58903843339067
8,392.0,661.27,978.13,978.1024945895683,0.027505410431672317,13.0,10.24945895683777
7,951.0,584.4,1253.76,1253.8237590166946,0.06375901669457562,76.0,82.37590166945301
5,778.0,2423.47,1643.96,1644.1406233513223,0.18062335132231055,96.0,14.062335132242879
11,958.0,1999.13,1900.18,1899.958447432043,0.22155256795713285,18.0,95.84474320430309
3,186.0,1068.31,1152.04,1152.1876226749546,0.14762267495461856,4.0,18.762267495461856
5,1116.0,2460.46,1711.97,1711.8572780581899,0.11272194181015038,97.0,85.72780581898405
13,63.0,107.92,710.25,710.269257428172,0.019257428171954416,25.0,26.925742817198625
6,170.0,476.99,600.23,600.3711542858542,0.1411542858542134,23.0,37.11542858542089
3,870.0,413.23,795.8,795.7271825105971,0.07281748940283705,80.0,72.71825105970493
12,852.0,1957.9,1944.89,1944.7825763174571,0.10742368254295798,89.0,78.2576317457133
6,420.0,386.77,929.16,929.0787054134698,0.08129458653013444,16.0,7.870541346987011
6,668.0,1922.45,1796.98,1796.6584697154838,0.32153028451625687,98.0,65.84697154836613
8,795.0,1645.99,644.69,644.8744601043792,0.1844601043791272,69.00000000000728,87.44601043791772
4,420.0,927.74,1238.04,1238.1293753090945,0.08937530909452107,4.0,12.93753090944665
12,1074.0,2407.71,1843.97,1843.8655080348656,0.10449196513445713,97.0,86.55080348654883
12,916.0,2394.85,1740.85,1741.0084369029798,0.15843690297992907,85.0,0.8436902979738079
4,1075.0,586.17,1023.65,1023.6767389740197,0.026738974019735906,65.0,67.67389740196813
5,1143.0,1217.72,1745.09,1745.070496555102,0.019503444897964073,9.0,7.049655510199955
2,719.0,591.44,755.3,755.3206064080366,0.02060640803665592,30.0,32.06064080365468
4,197.0,1858.84,1416.33,1416.4438444573525,0.11384445735257032,33.0,44.384445735253394
6,248.0,395.4,710.15,710.0573144285045,0.09268557149550816,15.0,5.731442850446911
10,834.0,1820.8,1883.49,1883.2376892379025,0.25231076209752246,49.0,23.768923790252302
1,1112.0,2011.44,1423.85,1423.8001095804589,0.04989041954104323,85.0,80.01095804589568
7,671.0,1262.85,1600.42,1600.6786141118512,0.2586141118511023,42.0,67.86141118512023
9,52.0,350.58,601.81,601.9944824121883,0.18448241218834482,80.99999999999272,99.44824121882993
14,976.0,1526.58,1995.87,1996.0320903452014,0.16209034520147725,87.0,3.2090345201431774
2,370.0,1554.5,1311.23,1311.4065727561392,0.1765727561391941,23.0,40.65727561392123
4,1180.0,1948.55,1565.16,1565.2544244222029,0.0944244222027919,16.0,25.442442220286466
5,36.0,2022.94,1410.58,1410.736896488604,0.15689648860416128,58.0,73.68964886039612
5,691.0,1030.64,1465.26,1465.3548973625634,0.0948973625634153,26.0,35.48973625633516
8,52.0,2353.5,1485.05,1484.9463452628327,0.10365473716728957,5.0,94.6345262832765
8,221.0,936.98,1287.0,1287.0191454118653,0.019145411865338247,0.0,1.9145411865320057
7,803.0,12.75,1146.78,1146.7284372792997,0.051562720700303544,78.0,72.84372792996874
12,893.0,910.41,1862.13,1862.0504047099942,0.07959529000595467,13.0,5.040470999403624
14,113.0,1091.13,1703.02,1703.0580701246922,0.038070124692239915,2.0,5.8070124692167155
5,516.0,1878.49,669.85,670.0902082712593,0.2402082712592346,85.0,9.020827125932556
14,904.0,2005.96,1970.01,1970.033154369362,0.023154369361918725,1.0,3.315436936187325
1,1058.0,1601.04,1465.9,1465.854033849106,0.04596615089417355,90.0,85.40338491060538
14,555.0,313.73,1201.26,1201.2287312267774,0.03126877322256405,26.0,22.873122677745414
7,738.0,730.28,1429.72,1429.705826776987,0.014173223013131064,72.0,70.58267769869417
8,792.0,2437.24,1556.7,1556.7598445688611,0.059844568861080916,70.0,75.98445688610082
5,831.0,432.8,901.36,901.499205665251,0.13920566525098366,36.0,49.92056652510655
7,709.0,320.8,1116.62,1116.5231615942498,0.09683840575007707,61.99999999998545,52.3161594249832
9,1078.0,161.85,1260.96,1260.9036285615027,0.05637143849730819,96.0,90.36285615027009
2,616.0,968.93,1163.1,1163.0541721031873,0.04582789681262511,9.999999999985448,5.417210318730213
2,570.0,2297.12,1423.86,1423.805467783928,0.054532216071947914,86.0,80.54677839280339
7,381.0,2106.96,1705.27,1705.0692133722337,0.20078662776631973,27.0,6.921337223378941
9,460.0,2424.47,1624.68,1624.6436482914444,0.036351708555685036,68.0,64.36482914444059
4,425.0,1286.54,1449.26,1449.0771223772028,0.18287762279715025,26.0,7.712237720290432
11,437.0,1053.24,1630.47,1630.2144979454406,0.25550205455942887,47.0,21.449794544052565
9,1000.0,1901.79,1778.65,1778.9358892708276,0.2858892708275107,65.0,93.58892708274652
1,553.0,1687.11,1295.34,1295.2027143609316,0.1372856390682955,33.99999999998545,20.271436093156808
10,5.0,1094.06,1361.08,1361.1903698841659,0.11036988416594795,8.0,19.036988416599343
12,931.0,864.21,1663.58,1663.710382696088,0.13038269608796327,58.0,71.03826960877632
6,436.0,914.53,1389.11,1388.9290970986551,0.18090290134477982,11.0,92.90970986551838
3,1074.0,247.32,636.02,636.1979552139925,0.17795521399250447,2.0,19.795521399246354
9,896.0,1398.54,1727.1,1727.2326475649752,0.1326475649752865,10.0,23.264756497519556
1,462.0,2047.57,1202.9,1203.0650721230093,0.16507212300916763,90.00000000001455,6.507212300930405
3,665.0,2418.16,1490.96,1491.0145548792568,0.05455487925678426,96.0,1.4554879256756976
11,532.0,2419.86,1653.69,1653.763399425119,0.07339942511885056,69.0,76.3399425118987
9,483.0,52.64,949.04,948.9651576722414,0.07484232775857436,4.0,96.51576722413301
12,296.0,326.83,981.72,981.6131011477784,0.1068988522216614,72.0,61.310114777836134
9,131.0,1990.0,1557.2,1557.3854295570886,0.18542955708858244,20.0,38.54295570886461
6,836.0,2035.17,1718.79,1719.087811488814,0.2978114888139771,79.0,8.781148881389527
10,532.0,1223.36,1631.49,1631.6452898365912,0.15528983659123696,49.0,64.52898365911096
14,595.0,2140.61,1989.13,1989.0826562824016,0.04734371759855094,13.0,8.265628240158549
7,623.0,1894.02,1739.49,1739.5699239395383,0.07992393953827559,49.0,56.99239395384211
5,579.0,1018.52,1468.01,1467.843614164467,0.16638583553299213,1.0,84.36141644668533
8,255.0,1817.19,1510.91,1511.0154075631795,0.10540756317936939,91.0,1.5407563179323915
8,1009.0,1378.07,1903.76,1903.9507657122956,0.19076571229561523,76.0,95.07657122955425
10,87.0,498.96,781.97,782.053964587727,0.08396458772699589,97.0,5.396458772709593
1,809.0,1734.56,1447.25,1447.125143332653,0.12485666734710321,25.0,12.514333265280584
9,1079.0,1981.94,1763.16,1763.3579357451265,0.19793574512641499,16.0,35.79357451264514
8,1134.0,1049.84,2073.13,2073.2378102590724,0.10781025907226649,13.0,23.781025907228468
8,403.0,654.97,895.14,895.2320555019919,0.09205550199192203,14.0,23.20555019918538
8,534.0,429.88,916.02,916.0817206860859,0.06172068608589143,2.0,8.172068608590052
13,564.0,2245.56,1745.09,1745.2422941264017,0.15229412640178452,9.0,24.229412640183
2,752.0,958.29,1144.41,1144.4853232204107,0.07532322041060979,41.00000000001455,48.53232204106462
11,293.0,1410.0,1673.7,1673.537837461757,0.16216253824313753,70.0,53.7837461757008
5,919.0,470.23,1119.17,1119.0798630452102,0.09013695478984118,17.0,7.986304521022248
5,103.0,333.22,573.58,573.3549629087182,0.2250370912818198,58.000000000007276,35.496290871822566
1,893.0,19.76,570.71,570.7417030112268,0.03170301122679575,71.0,74.17030112268549
12,37.0,52.65,789.01,788.9783337008053,0.03166629919473962,1.0,97.83337008052331
8,1142.0,776.74,1827.44,1827.3639871055573,0.07601289444278336,44.0,36.398710555717116
5,332.0,218.03,801.73,801.566981212793,0.1630187872069655,73.0,56.69812127930345
7,950.0,1739.62,2032.23,2032.0812947258314,0.14870527416860568,23.0,8.129472583153984
9,223.0,1916.03,1623.73,1623.4528368450963,0.27716315490374654,73.0,45.28368450963171
6,522.0,1210.87,1577.01,1576.8539025981613,0.1560974018386787,1.0,85.39025981613668
12,46.0,2077.07,1666.29,1666.2375855615578,0.0524144384421561,29.0,23.758556155778933
2,252.0,1545.94,1300.19,1300.0235708916819,0.1664291083181979,19.0,2.357089168188395
13,125.0,2004.61,1721.56,1721.5901584973794,0.030158497379488836,56.0,59.015849737945246
9,597.0,625.99,990.84,990.9689918765058,0.12899187650577915,84.0,96.89918765057519
3,289.0,853.79,969.85,969.7910330993574,0.05896690064264476,85.0,79.10330993574462
7,953.0,1918.24,1833.56,1833.6717259129305,0.11172591293052392,56.0,67.17259129305603
4,275.0,2359.64,1483.58,1483.66905255468,0.08905255468016549,58.0,66.90525546800927
5,755.0,1584.41,1729.08,1729.005490355215,0.07450964478493916,8.0,0.5490355214860756
9,803.0,880.17,1589.75,1589.8128439972693,0.06284399726928314,75.0,81.28439972692286
11,293.0,285.14,966.87,966.744543762962,0.12545623703795172,87.0,74.45437629619846
6,164.0,1460.21,1535.3,1535.1424850104218,0.1575149895782033,30.0,14.248501042166026
11,859.0,146.71,1267.98,1267.8144298890836,0.1655701109164056,98.0,81.44298890835489
2,296.0,1878.7,1354.0,1353.8307491529852,0.16925084701483684,0.0,83.07491529852268
7,300.0,2417.85,1634.04,1634.0196914347512,0.020308565248797095,4.0,1.9691434751148336
2,1155.0,1517.18,1543.17,1543.1115362947364,0.05846370526364808,17.0,11.153629473643377
5,765.0,480.48,1038.42,1038.302765724838,0.11723427516199081,42.0,30.276572483810014
9,1097.0,2330.2,1728.07,1728.1806894371769,0.11068943717691582,7.0,18.06894371769158
4,422.0,2049.71,1491.9,1492.048544057319,0.14854405731898623,90.0,4.854405731894076
14,1020.0,510.33,1406.95,1406.9893360137676,0.03933601376752449,95.0,98.93360137674608
4,205.0,545.57,682.22,682.086032099504,0.1339679004960317,22.0,8.603209950393648
12,1046.0,1850.85,1875.72,1875.8448412809992,0.12484128099913505,72.0,84.48412809992442
4,1001.0,739.08,1116.31,1116.3572789404254,0.047278940425485416,31.0,35.72789404254581
9,938.0,742.17,1632.1,1632.0387459009526,0.061254099047346244,10.0,3.8745900952490047
5,351.0,407.74,883.11,882.9938397949259,0.11616020507415215,11.0,99.38397949258797
13,1186.0,2462.26,1906.35,1906.3748404008038,0.024840400803896046,35.0,37.48404008039506
6,384.0,1656.04,1682.33,1682.0772781417681,0.25272185823178006,33.0,7.727814176818356
10,150.0,418.41,844.9,844.7421010529364,0.1578989470635861,90.0,74.21010529363411
10,783.0,158.93,993.55,993.5826212745889,0.03262127458890518,55.0,58.262127458889154
6,372.0,2494.69,1742.34,1742.2860262752724,0.053973724727484296,34.0,28.602627527230652
10,958.0,1643.76,1827.18,1827.3974138300962,0.21741383009612036,18.0,39.74138300961931
8,34.0,1225.2,1438.52,1438.3780499404934,0.14195005950659834,52.0,37.80499404933653
7,151.0,2461.93,1516.58,1516.7407338774517,0.1607338774517757,58.0,74.07338774515665
7,150.0,1379.35,1500.09,1500.1143118496796,0.02431184967963418,9.0,11.431184967950685
6,751.0,2085.98,1757.81,1757.854962905737,0.04496290573706574,81.0,85.49629057370475
7,568.0,159.12,738.92,738.9842494358259,0.06424943582590004,92.0,98.42494358259137
12,574.0,2240.9,1785.72,1785.5491889502675,0.1708110497324924,72.0,54.91889502675622
13,36.0,808.38,1190.16,1190.1998033686107,0.03980336861059186,16.000000000014552,19.980336861073738
14,595.0,1818.77,1889.9,1889.9792718838287,0.0792718838285964,90.0,97.92718838286237
7,381.0,2342.27,1705.24,1705.268711429465,0.028711429464920002,24.0,26.871142946503824
11,226.0,2013.45,1590.82,1590.9759327335905,0.15593273359058912,82.0,97.59327335905982
13,137.0,1505.66,1777.72,1777.6736352626704,0.04636473732966806,72.0,67.36352626702865
13,774.0,206.45,1110.0,1110.0841300399936,0.08413003999362445,0.0,8.413003999361536
5,1120.0,1514.91,1658.97,1659.1083553210535,0.13835532105349557,97.0,10.835532105353195
4,862.0,2335.55,1698.94,1698.7062131406233,0.233786859376778,94.0,70.62131406232947
8,829.0,1147.89,2004.34,2004.1865680851422,0.15343191485771968,34.0,18.656808514206205
4,380.0,446.66,764.24,764.2259699212914,0.014030078708628935,24.0,22.596992129139835
9,238.0,1197.83,1560.78,1560.6722701263457,0.10772987365430708,78.0,67.22701263456838
13,1199.0,493.0,1634.13,1634.1070656567808,0.022934343219276343,13.0,10.706565678090556
12,710.0,1249.41,1921.09,1920.9941573338165,0.09584266618344373,9.0,99.41573338164017
14,719.0,1973.14,1980.99,1980.9403545277512,0.04964547224881244,99.0,94.03545277513331
1,482.0,1697.08,1198.24,1198.4386334144856,0.19863341448558458,24.0,43.86334144856664
9,444.0,725.31,1062.52,1062.4866186652234,0.03338133477654992,52.0,48.66186652233591
11,610.0,1990.79,1753.56,1753.2952316914664,0.2647683085335757,56.0,29.52316914664698
4,238.0,1707.28,1483.48,1483.39938464698,0.08061535301999356,48.0,39.93846469800337
2,299.0,1612.7,1282.8,1282.9415448039947,0.14154480399474778,80.0,94.1544803994766
10,273.0,799.9,1155.05,1155.013014145872,0.03698585412803368,5.0,1.3014145871857181
3,154.0,274.04,406.91,406.78302495200853,0.12697504799149328,91.0,78.30249520085636
7,636.0,697.02,1276.06,1276.0293925068809,0.030607493119077844,6.0,2.9392506880831206
2,798.0,2334.41,1485.4,1485.5015227918752,0.10152279187514068,40.0,50.152279187517706
12,601.0,2166.56,1918.46,1918.3192916391538,0.14070836084624716,46.0,31.9291639153671
6,290.0,814.04,1077.35,1077.3264180187648,0.023581981235111016,34.99999999998545,32.64180187648162
8,16.0,259.02,543.56,543.6116306822463,0.05163068224635481,55.999999999992724,61.1630682246323
8,303.0,1072.44,1453.25,1453.122595890586,0.12740410941410119,25.0,12.259589058579877
11,372.0,2048.26,1632.61,1632.454804062309,0.15519593769090534,61.0,45.48040623089764
3,864.0,2338.52,1513.04,1513.0215034144235,0.018496585576485813,4.0,2.1503414423495997
11,913.0,2253.41,1758.56,1758.6027111557148,0.042711155714869165,56.0,60.27111557149328
14,805.0,834.06,1683.49,1683.5067435049098,0.016743504909754847,49.0,50.67435049096821
5,905.0,2317.31,1691.38,1691.6014643900019,0.22146439000175633,38.0,60.14643900017836
5,117.0,953.06,1116.8,1116.8301136062976,0.03011360629761839,80.0,83.01136062975274
12,307.0,957.17,1432.75,1432.7754278221666,0.025427822166648184,75.0,77.542782216653
9,51.0,314.81,704.94,704.8026264175862,0.13737358241382935,94.0,80.26264175862889
7,1071.0,841.11,1699.9,1699.9686853778358,0.06868537783566353,90.0,96.86853778356453
13,922.0,1510.22,1967.87,1967.7109558161478,0.15904418385207464,87.0,71.09558161479072
8,867.0,2373.39,1747.22,1747.1439169921584,0.07608300784158928,22.0,14.391699215833796
11,1013.0,1483.3,1952.8,1952.7505098748031,0.04949012519682583,80.0,75.0509874803247
6,1148.0,1525.81,1776.48,1776.5190071830082,0.039007183008152424,48.0,51.90071830080706
12,158.0,2195.67,1625.46,1625.4259647382028,0.03403526179727123,46.0,42.596473820274696
5,1010.0,2054.21,1810.37,1810.1613906074256,0.2086093925743171,37.0,16.13906074257102
1,682.0,1517.04,1376.04,1376.2347962563858,0.19479625638587095,4.0,23.479625638574362
6,1203.0,1900.48,1972.88,1972.832735798835,0.04726420116503505,88.0,83.27357988350559
4,810.0,1852.31,1575.87,1576.1362873757625,0.2662873757626585,87.0,13.628737576247659
3,760.0,2073.25,1522.45,1522.5990672610542,0.14906726105414236,45.0,59.9067261054297
7,868.0,625.09,1403.48,1403.518683304503,0.03868330450291069,48.0,51.86833045029198
7,205.0,103.31,683.1,683.111051993421,0.011051993421006046,10.0,11.105199342098786
5,387.0,1882.35,1588.8,1588.6587584054148,0.1412415945851535,80.0,65.8758405414701
9,482.0,1348.44,1633.26,1633.0952863880934,0.16471361190656353,26.0,9.52863880933728
7,15.0,2436.67,1459.63,1459.655618908122,0.025618908121941786,63.0,65.56189081221237
10,955.0,1182.33,1950.3,1950.3673270794552,0.06732707945525362,30.0,36.73270794551354
5,41.0,2314.68,1500.28,1500.145676237563,0.1343237624369067,28.0,14.567623756302055
2,1189.0,1164.74,1666.52,1666.4531961470714,0.06680385292861502,52.0,45.319614707143046
2,762.0,519.74,752.69,752.6369584603653,0.05304153963470526,69.0,63.69584603654221
10,895.0,937.46,1714.8,1714.9809662065225,0.1809662065224984,80.0,98.09662065224256
13,858.0,2258.01,1889.71,1889.66107321098,0.04892678902001535,71.0,66.10732109801029
11,650.0,524.8,1179.09,1179.0295237083649,0.06047629163504098,8.999999999985448,2.952370836486807
4,198.0,2106.63,1450.67,1450.4771397547272,0.19286024527286827,67.0,47.713975472725
1,791.0,1927.75,1419.88,1419.8515221494813,0.028477850518811465,88.0,85.15221494811703
14,1020.0,1201.75,2337.73,2337.6153886733314,0.11461132666863705,73.0,61.53886733314721
12,59.0,2247.39,1629.92,1629.8680722985741,0.05192770142593872,92.0,86.80722985742614
8,626.0,545.84,1142.89,1142.8058897222397,0.08411027776037372,89.00000000001455,80.58897222396627
5,57.0,559.05,639.73,639.7733300026597,0.04333000265967257,73.0,77.33300026597135
5,908.0,716.7,1375.88,1375.8691703559766,0.010829644023488072,88.0,86.91703559766756
11,684.0,672.51,1487.93,1487.8916641141386,0.038335885861442875,93.0,89.16641141386935
4,180.0,2365.46,1443.02,1443.006066482844,0.013933517155919617,2.0,0.6066482844180427
13,511.0,1628.33,1915.79,1915.6994352927484,0.0905647072515876,79.0,69.94352927483851
4,231.0,20.39,499.26,499.33946943298105,0.0794694329810568,26.0,33.94694329810591
9,1139.0,1973.31,1759.33,1759.4494477892692,0.11944778926931576,33.0,44.944778926932486
9,578.0,1167.71,1587.21,1587.2877155463177,0.07771554631767685,21.0,28.771554631763138
14,530.0,2028.06,2079.14,2079.063325068332,0.07667493166809436,14.0,6.332506833190564
7,316.0,141.89,837.8,837.6781649448914,0.1218350551085905,80.0,67.81649448913231
2,897.0,2382.39,1437.95,1438.0648193276381,0.114819327638088,95.0,6.481932763825171
4,764.0,1417.94,1682.1,1681.870575102526,0.2294248974740185,10.0,87.05751025257632
11,663.0,2141.08,1715.29,1715.4813026008203,0.191302600820336,29.0,48.13026008201996
3,91.0,1640.15,1338.3,1338.0314153917343,0.26858460826565533,30.0,3.141539173433557
1,1035.0,1289.84,1317.33,1317.4189801726347,0.08898017263481961,33.0,41.898017263476504
7,125.0,193.62,616.24,616.0512982409912,0.18870175900883623,24.0,5.129824099116377
4,84.0,2243.12,1392.1,1392.1748097250802,0.07480972508028572,10.0,17.480972508026753
5,716.0,1316.6,1686.98,1687.1827918439578,0.20279184395781158,98.0,18.27918439579662
12,18.0,2461.37,1556.78,1556.8524122922643,0.07241229226428914,78.0,85.24122922643437
3,560.0,1664.15,1419.48,1419.6756761083914,0.1956761083913534,48.0,67.56761083914898
3,504.0,63.39,568.17,568.1829054902913,0.012905490291359456,16.999999999992724,18.29054902913049
5,1126.0,664.9,1336.74,1336.6925552583652,0.04744474163476298,74.0,69.25552583651734
11,273.0,502.37,862.61,862.7176384071024,0.10763840710239947,61.0,71.76384071023494
4,6.0,458.7,459.21,459.2543727610406,0.044372761040619935,21.0,25.437276104057673
1,620.0,490.45,678.74,678.6749237776298,0.0650762223701804,74.0,67.49237776298833
5,659.0,2083.15,1645.06,1645.1937935946362,0.13379359463624496,6.0,19.379359463608125
12,353.0,2150.17,1765.67,1765.5757055823744,0.09429441762563329,67.0,57.57055823743576
13,618.0,1982.27,2000.39,2000.3727930639977,0.017206936002367,39.0,37.27930639978149
2,1158.0,2355.92,1528.91,1528.8977563208457,0.012243679154380516,91.0,89.77563208458014
3,512.0,1251.6,1360.76,1360.8270728668601,0.06707286686014413,76.0,82.70728668602533
5,840.0,941.55,1676.48,1676.3236429175781,0.1563570824218914,48.0,32.36429175781086
13,1152.0,864.45,1797.14,1797.2196484874346,0.07964848743449693,14.0,21.964848743460607
4,840.0,1375.42,1580.95,1580.9011661048462,0.04883389515384806,95.0,90.11661048460519
4,724.0,89.99,667.98,668.1270091181741,0.1470091181740827,98.0,12.700911817402812
3,327.0,2141.92,1438.41,1438.5394869214408,0.12948692144072993,41.0,53.948692144069355
13,1055.0,2005.84,1997.52,1997.4390132223098,0.08098677769021378,52.0,43.90132223098772
1,931.0,327.97,609.73,609.6971970655046,0.0328029344954075,73.0,69.7197065504588
10,108.0,2181.67,1632.42,1632.2078216841226,0.2121783158775088,42.0,20.782168412260944
13,1204.0,24.47,1344.17,1344.1152735995001,0.054726400499930605,17.0,11.52735995000694
5,517.0,919.25,1288.31,1288.2476554123086,0.06234458769131379,31.0,24.765541230866802
8,897.0,1536.36,1944.62,1944.5754417585213,0.04455824147862586,62.0,57.544175852119224
12,988.0,2492.79,1753.84,1753.991188508628,0.15118850862813815,84.0,99.11885086281109
1,1041.0,1630.25,1466.95,1466.841054058881,0.10894594111914557,95.0,84.10540588808362
10,454.0,2359.42,1619.0,1618.9127583919667,0.0872416080333096,0.0,91.27583919666358
11,198.0,269.95,695.66,695.7780801126007,0.11808011260075091,66.0,77.80801126007282
4,477.0,18.97,631.5,631.5138381064667,0.013838106466664613,50.0,51.38381064666464
11,67.0,2455.53,1572.91,1572.9346989116307,0.02469891163059401,91.0,93.46989116305485
7,789.0,185.73,966.26,966.3305103243249,0.07051032432491411,26.0,33.051032432485954
12,59.0,858.62,1377.35,1377.2876956954674,0.06230430453251756,35.0,28.769569546740968
3,1027.0,180.0,804.96,804.8294144090468,0.13058559095327382,96.0,82.94144090467307
3,275.0,543.74,572.73,572.7928561196858,0.06285611968576177,73.0,79.28561196857481
12,180.0,384.42,873.97,873.9915642789679,0.021564278967844075,97.0,99.15642789678532
3,334.0,2449.89,1472.53,1472.4671736383305,0.06282636166952216,53.0,46.71736383304233
7,759.0,1694.02,1960.92,1960.85820668796,0.061793312039981174,92.0,85.82066879601916
10,174.0,1991.96,1542.4,1542.6652436141278,0.26524361412771214,40.0,66.52436141276849
1,780.0,366.37,516.69,516.7316067428123,0.041606742812291486,69.00000000000728,73.16067428123642
9,934.0,415.5,1208.82,1208.744464907505,0.07553509249487433,82.0,74.44649075050256
8,936.0,556.28,1277.26,1277.292051297352,0.03205129735192713,26.0,29.205129735186347
1,1002.0,2320.13,1475.4,1475.3394768903183,0.06052310968175334,40.0,33.94768903183285
7,83.0,137.84,482.65,482.7639729932142,0.11397299321424725,65.0,76.39729932141927
3,280.0,1090.37,1256.92,1256.8551202856574,0.06487971434262363,92.0,85.51202856574673
5,644.0,2383.17,1785.53,1785.4077518962501,0.12224810374982553,53.0,40.77518962501199
10,498.0,992.86,1395.03,1395.2132007419746,0.1832007419745878,3.0,21.32007419745787
4,317.0,1793.28,1518.93,1518.7161331758625,0.21386682413753988,93.0,71.61331758624874
4,263.0,2469.06,1503.98,1503.914713287824,0.06528671217597548,98.0,91.47132878241246
4,932.0,1287.34,1513.28,1513.3173966284894,0.03739662848943226,28.0,31.73966284893686
2,274.0,888.24,917.79,917.764967457782,0.025032542218013987,79.0,76.4967457781895
1,759.0,330.29,500.92,500.9759742942828,0.055974294282805204,92.0,97.5974294282787
8,204.0,2178.45,1506.38,1506.2453431087483,0.1346568912517796,38.0,24.53431087482022
10,396.0,2068.65,1556.68,1556.97164065405,0.29164065404984285,68.0,97.16406540499884
6,840.0,870.82,1496.46,1496.409048739861,0.050951260139072474,46.0,40.904873986088205
7,756.0,1473.59,1961.96,1961.8578396867742,0.10216031322579511,96.0,85.78396867742413
4,1048.0,279.75,780.15,780.1681040201116,0.018104020111650243,15.0,16.810402011164115
9,800.0,39.96,1158.68,1158.540405919926,0.1395940800741755,68.0,54.04059199258336
3,240.0,1895.67,1386.33,1386.4005412839883,0.07054128398840476,33.0,40.05412839882774
13,997.0,920.48,2124.16,2124.003227633799,0.1567723662010394,16.0,0.32276337989605963
2,826.0,2163.39,1523.26,1522.9390945678417,0.32090543215826983,26.0,93.90945678416756
6,194.0,914.25,1168.72,1168.6664905646176,0.05350943538246611,72.0,66.64905646175612
4,333.0,1934.76,1467.52,1467.739499960145,0.2194999601449581,52.0,73.949996014504
12,466.0,1291.33,1770.37,1770.4425171145833,0.0725171145834338,37.0,44.25171145834611
8,916.0,2417.62,1755.05,1755.0122675669718,0.03773243302816809,5.0,1.2267566971713677
11,322.0,1251.3,1732.46,1732.2016078820159,0.2583921179841582,46.0,20.160788201581454
13,11.0,1114.96,1555.48,1555.432686707419,0.04731329258106598,48.0,43.268670741905225
14,1158.0,2104.61,1899.69,1899.745644433876,0.05564443387584106,69.0,74.56444338758592
11,1095.0,1071.83,2159.33,2159.1578943962686,0.17210560373132466,33.0,15.789439626852982
11,1149.0,270.81,1284.51,1284.5977414222734,0.08774142227343873,51.0,59.774142227339325
9,14.0,1057.38,1372.31,1372.2362030324368,0.07379696756311205,31.0,23.620303243689705
4,184.0,983.77,1202.69,1202.5176731654367,0.17232683456336417,69.0,51.76731654367177
6,135.0,2488.22,1561.2,1561.135462962867,0.06453703713305003,20.0,13.54629628668772
5,717.0,1508.97,1722.49,1722.5235258840305,0.033525884030495945,49.0,52.35258840303868
1,389.0,1964.96,1228.94,1228.8478316270034,0.09216837299663894,94.0,84.78316270034702
3,1136.0,1296.54,1536.6,1536.4734924340196,0.12650756598031876,60.0,47.34924340195721
13,145.0,2202.42,1716.13,1716.2095613281147,0.07956132811455063,13.0,20.956132811465068
1,1122.0,861.5,1081.05,1081.065044315039,0.015044315038949208,5.0,6.504431503883097
1,309.0,1211.37,1110.55,1110.5638695459168,0.013869545916804782,55.0,56.3869545916823
14,1090.0,2248.68,1905.5,1905.5451426903971,0.04514269039714236,50.0,54.51426903970423
3,278.0,994.9,1167.78,1167.7287341656993,0.051265834300693314,78.0,72.87341656992794
7,1109.0,2397.29,1917.57,1917.4792705113261,0.09072948867378727,57.0,47.92705113260308
12,643.0,2194.16,1758.03,1758.2049764317371,0.17497643173715005,3.0,20.497643173701363
11,176.0,1050.67,1444.13,1444.2450817279462,0.11508172794606253,13.0,24.508172794623533
7,309.0,1021.75,1309.85,1309.935517818071,0.08551781807113912,84.99999999998545,93.55178180710936
3,992.0,1897.41,1539.0,1538.989796474042,0.010203525958104365,0.0,98.97964740419411
3,175.0,440.19,431.17,431.1260467407732,0.043953259226839236,17.0,12.604674077316304
5,895.0,2329.69,1791.96,1791.7845881785518,0.17541182144827872,96.0,78.45881785516394
8,372.0,348.37,950.24,950.0861915745708,0.1538084254292471,24.0,8.619157457069377
5,567.0,193.11,718.3,718.4411394644983,0.14113946449833747,30.0,44.11394644982647
8,978.0,710.43,1624.58,1624.4926488954018,0.08735110459815587,58.0,49.264889540179865
1,1082.0,1809.49,446.94,447.0257922259416,0.08579222594158864,94.0,2.5792225941549987
11,636.0,2238.97,1699.94,1700.1217291492483,0.1817291492482127,94.0,12.172914924827637
6,370.0,315.09,946.39,946.2661981605482,0.12380183945174394,39.0,26.619816054822877
8,413.0,222.83,802.95,802.9788409550114,0.02884095501133288,95.0,97.88409550114011
3,399.0,141.39,546.04,546.0577261956753,0.017726195675322742,4.0,5.772619567527727
